:020000040800F2
:100000000000022091340008453200084D320008FB
:10001000553200085D32000865320008000000001B
:100020000000000000000000000000006D32000829
:100030007B32000800000000893200089732000877
:10004000E1340008E1340008E1340008E13400083C
:10005000E1340008E1340008E1340008E13400082C
:10006000E1340008E1340008E1340008E13400081C
:10007000E1340008E1340008E1340008E13400080C
:10008000E1340008E1340008E1340008E1340008FC
:10009000A5320008E1340008E1340008E13400082A
:1000A000E1340008E1340008E1340008E1340008DC
:1000B000E1340008E1340008E1340008E1340008CC
:1000C000E1340008E1340008E1340008E1340008BC
:1000D000E1340008B9320008CD320008E1340008EC
:1000E000E1340008E1340008E1340008E13400089C
:1000F000E1340008E1340008E1340008E13400088C
:10010000E1340008E1340008E1340008E13400087B
:10011000E1340008E1340008E1340008E13400086B
:10012000E1340008E1340008E1340008E13400085B
:10013000E1340008E1340008E1340008E13400084B
:10014000E1340008E1340008E1340008E13400083B
:10015000E1340008E1340008E1340008E13400082B
:10016000E1340008E1340008E1340008E13400081B
:10017000E1340008E1340008E1340008E13400080B
:10018000E1340008E1340008E1340008E1340008FB
:10019000E134000800000000E1340008E134000808
:1001A000E1340008E1340008E1340008E1340008DB
:1001B000E1340008E1340008E1340008E1340008CB
:1001C000E1340008E1340008E1340008E1340008BB
:0801D000E1340008E1340008ED
:1001E00010B5054C237833B9044B13B10448AFF371
:1001F00000800123237010BD500300200000000088
:10020000C02C010808B5034B1BB103490348AFF3E9
:10021000008008BD0000000054030020C02C01082D
:1002200001F0FF01102A2BDB10F0070F08D010F8A7
:10023000013B013A8B422DD010F0070F42B3F6D1AB
:10024000F0B441EA012141EA014122F007047FF0C4
:1002500000070023F0E80256083C85EA010586EA1B
:10026000010685FA47F5A3FA87F586FA47F6A5FA57
:1002700087F68EB9EED1F0BC01F0FF0102F0070263
:1002800032B110F8013B013A83EA010313B1F8D10E
:100290000020704701387047002D06BF35460338EF
:1002A000073815F0010F07D1013015F4807F02BF28
:1002B000013015F4C03F0130F0BC0138704700BF79
:1002C000034613F8012B002AFBD1181A0138704796
:1002D00081F0004102E000BF83F0004330B54FEAF7
:1002E00041044FEA430594EA050F08BF90EA020F64
:1002F0001FBF54EA000C55EA020C7FEA645C7FEAF7
:10030000655C00F0E2804FEA5454D4EB5555B8BF19
:100310006D420CDD2C4480EA020281EA030382EA8A
:10032000000083EA010180EA020281EA0303362D1C
:1003300088BF30BD11F0004F4FEA01314FF4801CEF
:100340004CEA113102D0404261EB410113F0004F01
:100350004FEA03334CEA133302D0524263EB4303B8
:1003600094EA050F00F0A780A4F10104D5F1200E56
:100370000DDB02FA0EFC22FA05F2801841F10001B1
:1003800003FA0EF2801843FA05F359410EE0A5F185
:1003900020050EF1200E012A03FA0EFC28BF4CF0B6
:1003A000020C43FA05F3C01851EBE37101F000456C
:1003B00007D54FF0000EDCF1000C7EEB00006EEB79
:1003C0000101B1F5801F1BD3B1F5001F0CD3490803
:1003D0005FEA30004FEA3C0C04F101044FEA44525A
:1003E00012F5800F80F09A80BCF1004F08BF5FEAE1
:1003F000500C50F1000041EB045141EA050130BDC1
:100400005FEA4C0C404141EB0101013C28BFB1F5D2
:10041000801FE9D291F0000F04BF01460020B1FA1D
:1004200081F308BF2033A3F10B03B3F120020CDAF0
:100430000C3208DD02F1140CC2F10C0201FA0CF0CE
:1004400021FA02F10CE002F11402D8BFC2F1200C33
:1004500001FA02F120FA0CFCDCBF41EA0C019040E9
:10046000E41AA2BF01EB0451294330BD6FEA040432
:100470001F3C1CDA0C340EDC04F11404C4F120021D
:1004800020FA04F001FA02F340EA030021FA04F32F
:1004900045EA030130BDC4F10C04C4F1200220FA86
:1004A00002F001FA04F340EA0300294630BD21FAC4
:1004B00004F0294630BD94F0000F83F4801306BF8A
:1004C00081F480110134013D4EE77FEA645C18BF7E
:1004D0007FEA655C29D094EA050F08BF90EA020F15
:1004E00005D054EA000C04BF1946104630BD91EA0D
:1004F000030F1EBF0021002030BD5FEA545C05D110
:100500004000494128BF41F0004130BD14F580044E
:100510003CBF01F5801130BD01F0004545F0FE41C2
:1005200041F470014FF0000030BD7FEA645C1ABFF7
:10053000194610467FEA655C1CBF0B46024650EA2E
:10054000013406BF52EA033591EA030F41F400215A
:1005500030BD00BF90F0000F04BF0021704730B5E0
:100560004FF4806404F132044FF000054FF00001B5
:1005700050E700BF90F0000F04BF0021704730B576
:100580004FF4806404F1320410F0004548BF40424B
:100590004FF000013EE700BF42004FEAE2014FEAA0
:1005A00031014FEA02701FBF12F07F4393F07F4F7B
:1005B00081F06051704732F07F4208BF704793F07E
:1005C0007F4F04BF41F40021704730B54FF4607491
:1005D00001F0004521F000411CE700BF50EA010294
:1005E00008BF704730B54FF000050AE050EA01023D
:1005F00008BF704730B511F0004502D5404261EBAD
:1006000041014FF4806404F132045FEA915C3FF4ED
:10061000D8AE4FF003025FEADC0C18BF03325FEA8A
:10062000DC0C18BF033202EBDC02C2F1200300FA3B
:1006300003FC20FA02F001FA03FE40EA0E0021FA60
:1006400002F11444BDE600BF70B54FF0FF0C4CF44E
:10065000E06C1CEA11541DBF1CEA135594EA0C0F00
:1006600095EA0C0F00F0DEF82C4481EA030621EA3B
:100670004C5123EA4C5350EA013518BF52EA033576
:1006800041F4801143F4801338D0A0FB02CE4FF028
:100690000005E1FB02E506F00042E0FB03E54FF058
:1006A0000006E1FB03569CF0000F18BF4EF0010E50
:1006B000A4F1FF04B6F5007F64F5407404D25FEA4C
:1006C0004E0E6D4146EB060642EAC62141EA5551FF
:1006D0004FEAC52040EA5E504FEACE2EB4F1FD0C41
:1006E00088BFBCF5E06F1ED8BEF1004F08BF5FEABF
:1006F000500E50F1000041EB045170BD06F0004671
:1007000046EA010140EA020081EA0301B4EB5C041D
:10071000C2BFD4EB0C0541EA045170BD41F4801115
:100720004FF0000E013C00F3AB8014F1360FDEBF3A
:10073000002001F0004170BDC4F10004203C35DA16
:100740000C341BDC04F11404C4F1200500FA05F399
:1007500020FA04F001FA05F240EA020001F000423A
:1007600021F0004110EBD37021FA04F642EB0601B0
:100770005EEA430E08BF20EAD37070BDC4F10C04DA
:10078000C4F1200500FA04F320FA05F001FA04F29E
:1007900040EA020001F0004110EBD37041F100018A
:1007A0005EEA430E08BF20EAD37070BDC4F1200595
:1007B00000FA05F24EEA020E20FA04F301FA05F2FD
:1007C00043EA020321FA04F001F0004121FA04F2A5
:1007D00020EA020000EBD3705EEA430E08BF20EA75
:1007E000D37070BD94F0000F0FD101F000464000AF
:1007F00041EB010111F4801F08BF013CF7D041EA31
:10080000060195F0000F18BF704703F00046520034
:1008100043EB030313F4801F08BF013DF7D043EA05
:100820000603704794EA0C0F0CEA135518BF95EABB
:100830000C0F0CD050EA410618BF52EA4306D1D142
:1008400081EA030101F000414FF0000070BD50EA61
:10085000410606BF1046194652EA430619D094EAEB
:100860000C0F02D150EA013613D195EA0C0F05D1D5
:1008700052EA03361CBF104619460AD181EA030129
:1008800001F0004141F0FE4141F470014FF00000E1
:1008900070BD41F0FE4141F4780170BD70B54FF07C
:1008A000FF0C4CF4E06C1CEA11541DBF1CEA1355FC
:1008B00094EA0C0F95EA0C0F00F0A7F8A4EB0504DE
:1008C00081EA030E52EA03354FEA013100F08880D5
:1008D0004FEA03334FF0805545EA131343EA12639E
:1008E0004FEA022245EA111545EA10654FEA002653
:1008F0000EF000419D4208BF964244F1FD0404F50C
:10090000407402D25B084FEA3202B61A65EB030567
:100910005B084FEA32024FF480104FF4002CB6EB24
:10092000020E75EB030E22BFB61A754640EA0C00A4
:100930005B084FEA3202B6EB020E75EB030E22BFE4
:10094000B61A754640EA5C005B084FEA3202B6EB25
:10095000020E75EB030E22BFB61A754640EA9C00E4
:100960005B084FEA3202B6EB020E75EB030E22BFB4
:10097000B61A754640EADC0055EA060E18D04FEA72
:10098000051545EA16754FEA06164FEAC30343EA12
:1009900052734FEAC2025FEA1C1CC0D111F4801FDF
:1009A0000BD141EA00014FF000004FF0004CB6E7D8
:1009B00011F4801F04BF01430020B4F1FD0C88BF77
:1009C000BCF5E06F3FF6AFAEB5EB030C04BFB6EB82
:1009D000020C5FEA500C50F1000041EB045170BD75
:1009E0000EF0004E4EEA113114EB5C04C2BFD4EBA2
:1009F0000C0541EA045170BD41F480114FF0000E26
:100A0000013C90E645EA060E8DE60CEA135594EAA1
:100A10000C0F08BF95EA0C0F3FF43BAF94EA0C0FA4
:100A20000AD150EA01347FF434AF95EA0C0F7FF419
:100A300025AF104619462CE795EA0C0F06D152EA6D
:100A400003353FF4FDAE1046194622E750EA410651
:100A500018BF52EA43067FF4C5AE50EA41047FF462
:100A60000DAF52EA43057FF4EBAE12E74FF0FF3CC7
:100A700006E000BF4FF0010C02E000BF4FF0010C98
:100A80004DF804CD4FEA410C7FEA6C5C4FEA430C11
:100A900018BF7FEA6C5C1BD001B050EA410C0CBF60
:100AA00052EA430C91EA030F02BF90EA020F0020C2
:100AB000704710F1000F91EA030F58BF994208BF29
:100AC00090422CBFD8176FEAE37040F001007047E6
:100AD0004FEA410C7FEA6C5C02D150EA013C07D13D
:100AE0004FEA430C7FEA6C5CD6D152EA033CD3D088
:100AF0005DF8040B704700BF8446104662468C4682
:100B00001946634600E000BF01B5FFF7B7FF0028B4
:100B100048BF10F1000F01BD4DF808EDFFF7F4FFDD
:100B20000CBF012000205DF808FB00BF4DF808ED68
:100B3000FFF7EAFF34BF012000205DF808FB00BF8B
:100B40004DF808EDFFF7E0FF94BF012000205DF8AD
:100B500008FB00BF4DF808EDFFF7CEFF94BF012062
:100B600000205DF808FB00BF4DF808EDFFF7C4FF5B
:100B700034BF012000205DF808FB00BF4FEA410CA4
:100B80007FEA6C5C02D150EA013C0AD14FEA430C87
:100B90007FEA6C5C02D152EA033C02D14FF00000C4
:100BA00070474FF0010070474FEA410212F5001202
:100BB00015D211D56FF47873B3EB625212D94FEAA4
:100BC000C12343F0004343EA505311F0004F23FA8E
:100BD00002F018BF404270474FF00000704750EAE3
:100BE000013005D111F0004008BF6FF000407047A0
:100BF0004FF00000704700BF4A0011D212F50012FA
:100C000011D20DD56FF47873B3EB62520ED44FEA64
:100C1000C12343F0004343EA505323FA02F07047E4
:100C20004FF00000704750EA013002D14FF0FF3022
:100C300070474FF0000070474FEA4102B2F1E043C5
:100C400024BFB3F5001CDCF1FE5C0DD901F0004CB3
:100C50004FEAC0024CEA5070B2F1004F40EB830003
:100C600008BF20F00100704711F0804F21D113F12F
:100C70003872BCBF01F00040704741F480114FEA68
:100C80005252C2F11802C2F1200C10FA0CF320FAF1
:100C900002F018BF40F001004FEAC1234FEAD3230E
:100CA00003FA0CFC40EA0C0023FA02F34FEA430378
:100CB000CCE77FEA625307D150EA01331EBF4FF001
:100CC000FE4040F44000704701F0004040F0FE401C
:100CD00040F40000704700BF53B94AB9002908BF6B
:100CE00000281CBF4FF0FF314FF0FF3000F0BEB9BD
:100CF000ADF1080C6DE904CE00F03CF8DDF804E03D
:100D0000DDE9022304B0704738B500220023044611
:100D10000D46FFF70BFF28B920462946BDE83840AD
:100D200000F00AB8204605F1004100F005F8404205
:100D300061EB410138BD00BFD0B50C4B0022064627
:100D40000F46FFF781FCFFF757FF0446FFF702FC51
:100D5000074B0022FFF778FC02460B463046394627
:100D6000FFF7BAFAFFF748FF2146D0BD0000F03D7B
:100D70000000F0412DE9F047089D0F4604468C46DF
:100D8000002B48D18A42164661D9B2FA82F34BB1A0
:100D9000C3F1200201FA03FC20FA02F29E4042EA6B
:100DA0000C0C9C404FEA164EB7B2BCFBFEF1220C75
:100DB0000EFB11CC42EA0C4201FB07F0904209D92C
:100DC000B21801F1FF3C80F0EE80904240F2EB80DF
:100DD00002393244121AA4B2B2FBFEF00EFB10220A
:100DE00044EA024400FB07F7A74209D9341900F18D
:100DF000FF3280F0DA80A74240F2D78034440238D4
:100E000040EA0140E41B00211DB1DC400023C5E99C
:100E10000043BDE8F0878B4206D90DB1C5E900015A
:100E200000210846BDE8F087B3FA83F1002948D1D4
:100E3000BB4202D3824200F20781841A67EB0302AD
:100E400001209446002DE4D0C5E9004CE1E7002ADA
:100E500000F09280B2FA82F3002B40F0A8808A1A48
:100E60004FEA164E1FFA86FC0121200CB2FBFEF75A
:100E70000EFB172240EA02420CFB07F0904207D912
:100E8000B21807F1FF3802D2904200F2E2804746E2
:100E9000121AA4B2B2FBFEF00EFB102244EA024486
:100EA0000CFB00FCA44507D9341900F1FF3202D233
:100EB000A44500F2CB801046A4EB0C0440EA0740A6
:100EC000A2E7C1F120068B4022FA06FC4CEA030C93
:100ED00007FA01F420FA06F3F7404FEA1C492343CE
:100EE00000FA01F81FFA8CFEB7FBF9F01C0C09FBA5
:100EF000107744EA074400FB0EF7A74202FA01F21A
:100F00000AD91CEB040400F1FF3A80F09B80A74251
:100F100040F2988002386444E41B9FB2B4FBF9F3BA
:100F200009FB134447EA044403FB0EFEA64509D916
:100F30001CEB040403F1FF3780F08280A6457FD9C3
:100F4000023B644443EA0040A4EB0E04A0FB02E72A
:100F5000BC427346B94663D360D05DB1B8EB0302BF
:100F600064EB090404FA06F622FA01F31E43CC40AE
:100F7000C5E9006400214CE76208480842EAC171F3
:100F80000B0C43EA00438AB242EA0342B3FBF6F198
:100F9000E407B4463746B6461F23B0FBF6F0D21B33
:100FA00041EA004161E7614614E7104628E7C3F1D2
:100FB000200120FA01F29E4027FA01F19F403A43B6
:100FC0004FEA164E1FFA86FCB1FBFEF70EFB171018
:100FD000110C41EA004107FB0CF8884504FA03F4C0
:100FE0003AD9711807F1FF3001D288451FD8A1EB1B
:100FF0000801B1FBFEF808FB0CF70EFB181192B2CA
:1010000042EA0142BA422FD2B21808F1FF31C6D2E9
:10101000BA42C4D2A8F102013244C0E7F0459CD2E2
:10102000BEEB020367EB0C070138B94695E7A6EB68
:1010300008084144B81EB1FBFEF808FB0CF7DCE7DA
:101040003B467FE7504667E70846FBE634440238F4
:1010500032E7023F32441BE7A1EB08013846B1FBFF
:10106000FEF808FB0CF7C8E7414698E7704700BF59
:1010700080B582B000AF78607B689FED102ADFED0D
:10108000101A9FED0F1ADFED0E0AB1EE000A184696
:1010900001F045FC7B681C339FED082ADFED081A40
:1010A0009FED071ADFED060AB1EE000A184601F0BF
:1010B00036FC00BF0837BD4680BD00BF0000964328
:1010C0000000000080B588B000AFF86187ED060A27
:1010D000C7ED050A87ED041AC7ED031A87ED022A4A
:1010E00079603A60FB6997ED021AD7ED040A97ED33
:1010F000060A184601F03EFCF0EE407A7B68C3ED2C
:10110000007AFB691C3397ED021AD7ED030A97EDBD
:10111000050A184601F02EFCF0EE407A3B68C3ED5C
:10112000007A00BF2037BD4680BD80B500AF0022E9
:1011300010214FF0904002F0C7FD00BF80BD80B588
:1011400000AF012210214FF0904002F0BDFD00BF22
:1011500080BD000080B584B000AF03463960FB71EC
:101160003B68002B01D1012327E0FB7963F07F036B
:10117000DBB2BB73FFF7D9FF07F10E016423012235
:10118000104805F00EFD0346FB73FB7B002B07D1D7
:101190006423012239680B4805F079FE0346FB738E
:1011A000FFF7CDFFFB7B032B01D1022305E0FB7B87
:1011B000002B01D0012300E0002318461037BD4664
:1011C00080BD00BF6804002080B584B000AF034636
:1011D0000A46FB711346BB71FB7903F07F03DBB258
:1011E0003B73BB797B73FFF7A0FF07F10C0164230E
:1011F00002220B4805F0D5FC0346FB73FFF79FFF67
:10120000FB7B032B01D1022305E0FB7B002B01D0EC
:10121000012300E0002318461037BD4680BD00BF03
:101220006804002080B584B000AF03463960FB71CC
:101230001346BB803B68002B02D0BB88002B01D13A
:10124000012327E0FB7963F07F03DBB2BB73FFF779
:101250006CFF07F10E0164230122104805F0A1FC88
:101260000346FB73FB7B002B07D1BA8864233968E4
:101270000A4805F00CFE0346FB73FFF760FFFB7B9B
:10128000032B01D1022305E0FB7B002B01D00123BE
:1012900000E0002318461037BD4680BD68040020DA
:1012A00080B483B000AF03460A46FB711346BB719E
:1012B000FB791BB21B021AB2BB791BB213431BB2E0
:1012C00018460C37BD465DF8047B704780B584B086
:1012D00000AF78607B68002B01D101235BE0102216
:1012E000002178680EF03CFCFFF729FF0A2002F08D
:1012F00069F90023BB7307F10E0319467520FFF748
:1013000029FF0346FB73FB7B002B01D0FB7B42E0F4
:10131000BB7B672B01D003233DE005212020FFF795
:1013200053FF0346FB73FB7B002B01D0FB7B32E0BA
:1013300025212120FFF748FF0346FB73FB7B002B91
:1013400001D0FB7B27E004212320FFF73DFF03466C
:10135000FB73FB7B002B01D0FB7B1CE004212420D2
:10136000FFF732FF0346FB73FB7B002B01D0FB7BB7
:1013700011E00F211F20FFF727FF0346FB73FB7BC4
:10138000002B01D0FB7B06E0322002F01BF97B68CA
:1013900001221A73002318461037BD4680BD80B560
:1013A00086B000AF78607B68002B01D1012354E048
:1013B00007F108030E2219460920FFF733FF034601
:1013C000FB75FB7D002B01D0FB7D46E03B7A7A7AF2
:1013D00011461846FFF764FF03461A467B689A8158
:1013E000BB7AFA7A11461846FFF75AFF03461A46A7
:1013F0007B681A803B7B7A7B11461846FFF750FFCB
:1014000003461A467B685A80BB7BFA7B1146184616
:10141000FFF746FF03461A467B689A803B7C7A7C3E
:1014200011461846FFF73CFF03461A467B68DA80F0
:10143000BB7CFA7C11461846FFF732FF03461A467A
:101440007B681A813B7D7A7D11461846FFF728FF9D
:1014500003461A467B685A81002318461837BD4652
:1014600080BD000080B584B000AF78607B68002B41
:1014700001D1012370E07868FFF791FF0346FB7309
:10148000FB7B002B01D0FB7B66E07B68B3F900306F
:1014900007EE903AB8EEE77ADFED316AC7EE267ACA
:1014A0007B68C3ED047A7B68B3F9023007EE903AAB
:1014B000B8EEE77ADFED2A6AC7EE267A7B68C3EDDD
:1014C000057A7B68B3F9043007EE903AB8EEE77A14
:1014D000DFED236AC7EE267A7B68C3ED067A7B6868
:1014E000B3F9063007EE903AB8EEE77ADFED1D6A01
:1014F000C7EE267A7B68C3ED077A7B68B3F90830BC
:1015000007EE903AB8EEE77ADFED166AC7EE267A74
:101510007B68C3ED087A7B68B3F90A3007EE903A2E
:10152000B8EEE77ADFED0F6AC7EE267A7B68C3ED87
:10153000097A7B68B3F90C3007EE903AB8EEE77A97
:10154000DFED096AC7EE267AB3EE097A77EE877A7D
:101550007B68C3ED0A7A002318461037BD4680BD6C
:101560000000804533338341E17A044380B483B083
:1015700000AF786039607B68002B24D03B68002B7B
:1015800021D03B6893ED077A7B68D3ED007A77EE44
:10159000677A3B68C3ED077A3B6893ED087A7B680E
:1015A000D3ED017A77EE677A3B68C3ED087A3B6842
:1015B00093ED097A7B68D3ED027A77EE677A3B6820
:1015C000C3ED097A00E000BF0C37BD465DF8047B2F
:1015D000704780B592B000AF78600B467B801346B1
:1015E0003B807B68002B02D07B88002B01D101233C
:1015F00065E04FF000037B644FF000033B644FF065
:101600000003FB6300237B8730E007F10C031846DF
:10161000FFF728FF034687F8393097F83930002B59
:1016200002D097F839304AE0D7ED0A7A97ED117A6F
:1016300077EE277AC7ED117AD7ED0B7A97ED107A0E
:1016400077EE277AC7ED107AD7ED0C7A97ED0F7AFF
:1016500077EE277AC7ED0F7A3B88002B03D03B88C3
:10166000184601F0AFFF7B8F01337B877A8F7B8831
:101670009A42CAD37B8807EE903AB8EE677AD7EDE4
:10168000116AC6EE877A7B68C3ED007A7B8807EE25
:10169000903AB8EE677AD7ED106AC6EE877A7B6823
:1016A000C3ED017A7B8807EE903AB8EE677AD7ED02
:1016B0000F6AC6EE877A7B68C3ED027A002318466C
:1016C0004837BD4680BD80B582B000AF87ED010AC6
:1016D00097ED010A11F054F8F0EE407AB7EE007A77
:1016E000C7EE276AF0EE667AB0EE670A0837BD46A5
:1016F00080BD000080B483B000AF78607B684FF09D
:101700007E521A607B684FF000025A607B684FF08F
:1017100000029A607B684FF00002DA607B684FF04D
:1017200081421A617B680A4A5A617B684FF0000265
:101730009A617B684FF00002DA617B684FF000022B
:101740001A6200BF0C37BD465DF8047B704700BFCE
:10175000CDCC4C3D80B592B000AFF86187ED060A64
:10176000C7ED050A87ED041AC7ED031A87ED022AB3
:10177000C7ED012A87ED003AD7ED037AF5EE407AFE
:10178000F1EE10FA0ED1D7ED027AF5EE407AF1EED5
:1017900010FA07D1D7ED017AF5EE407AF1EE10FAA2
:1017A00000F01981D7ED037A27EEA77AD7ED027AF8
:1017B00067EEA77A37EE277AD7ED017A67EEA77A38
:1017C00077EE277AB0EE670AFFF77DFF87ED110A03
:1017D00097ED037AD7ED117A67EE277AC7ED037A92
:1017E00097ED027AD7ED117A67EE277AC7ED027A84
:1017F00097ED017AD7ED117A67EE277AC7ED017A76
:10180000FB6993ED017AFB69D3ED037A27EE277A22
:10181000FB69D3ED006AFB69D3ED027A66EEA77A25
:1018200077EE677AC7ED107AFB6993ED007AFB6972
:10183000D3ED017A27EE277AFB69D3ED026AFB69C3
:10184000D3ED037A66EEA77A77EE277AC7ED0F7AA3
:10185000FB6993ED007AFB69D3ED007A67EE277A96
:10186000B6EE007A37EEC77AFB69D3ED036AFB69FF
:10187000D3ED037A66EEA77A77EE277AC7ED0E7A74
:1018800097ED027AD7ED0E7A27EE277AD7ED016A27
:10189000D7ED0F7A66EEA77A77EE677AC7ED0D7A05
:1018A00097ED017AD7ED107A27EE277AD7ED036A04
:1018B000D7ED0E7A66EEA77A77EE677AC7ED0C7AE7
:1018C00097ED037AD7ED0F7A27EE277AD7ED026AE4
:1018D000D7ED107A66EEA77A77EE677AC7ED0B7AC6
:1018E000FB6993ED067AFB69D3ED056AD7ED0D7AB6
:1018F00066EEA76AD7ED007A66EEA77A77EE277ACA
:10190000FB69C3ED067AFB6993ED077AFB69D3EDBA
:10191000056AD7ED0C7A66EEA76AD7ED007A66EE17
:10192000A77A77EE277AFB69C3ED077AFB6993ED17
:10193000087AFB69D3ED056AD7ED0B7A66EEA76AE4
:10194000D7ED007A66EEA77A77EE277AFB69C3EDCA
:10195000087AFB69D3ED067A97ED067A77EE277A57
:10196000C7ED067AFB69D3ED077A97ED057A77EE36
:10197000277AC7ED057AFB69D3ED087A97ED047AEB
:1019800077EE277AC7ED047AFB6993ED047AD7EDF9
:101990000D7A67EE277A97ED067A77EE277AC7ED0C
:1019A000067AFB6993ED047AD7ED0C7A67EE277A15
:1019B00097ED057A77EE277AC7ED057AFB6993ED07
:1019C000047AD7ED0B7A67EE277A97ED047A77EEF3
:1019D000277AC7ED047AD7ED007AB6EE007A67EE83
:1019E000877A9FED847A67EE877A97ED067A67EEBD
:1019F000277AC7ED067AD7ED007AB6EE007A67EE61
:101A0000877A9FED7C7A67EE877A97ED057A67EEA5
:101A1000277AC7ED057AD7ED007AB6EE007A67EE41
:101A2000877A9FED747A67EE877A97ED047A67EE8E
:101A3000277AC7ED047AFB691B68BB62FB695B68A8
:101A40007B62FB699B683B62FB6993ED007AD7ED93
:101A5000097AF1EE676AD7ED067A66EEA76A97ED26
:101A6000086AD7ED057A66EE277A76EEE76AFB69B3
:101A700093ED036AD7ED047A66EE277A76EEE77A7D
:101A800077EE277AFB69C3ED007AFB6993ED017A63
:101A9000D7ED0A6AD7ED067A66EEA76A97ED086A6F
:101AA000D7ED047A66EE277A76EEA76AFB6993EDA6
:101AB000036AD7ED057A66EE277A76EEE77A77EE57
:101AC000277AFB69C3ED017AFB6993ED027AD7EDC2
:101AD0000A6AD7ED057A66EEA76A97ED096AD7ED2F
:101AE000047A66EE277A76EEE76AFB6993ED036A7D
:101AF000D7ED067A66EE277A76EEA77A77EE277A22
:101B0000FB69C3ED027AFB6993ED037AD7ED0A6AAC
:101B1000D7ED047A66EEA76A97ED096AD7ED057AE4
:101B200066EE277A76EEA76A97ED086AD7ED067A11
:101B300066EE277A76EEE77A77EE277AFB69C3EDD1
:101B4000037AFB6993ED007AFB69D3ED007A27EE07
:101B5000277AFB69D3ED016AFB69D3ED017A66EE62
:101B6000A77A37EE277AFB69D3ED026AFB69D3EDDA
:101B7000027A66EEA77A37EE277AFB69D3ED036A1D
:101B8000FB69D3ED037A66EEA77A77EE277AB0EE9B
:101B9000670AFFF798FD87ED110AFB6993ED007A5C
:101BA000D7ED117A67EE277AFB69C3ED007AFB69FE
:101BB00093ED017AD7ED117A67EE277AFB69C3EDD1
:101BC000017AFB6993ED027AD7ED117A67EE277AF5
:101BD000FB69C3ED027AFB6993ED037AD7ED117AC5
:101BE00067EE277AFB69C3ED037A00BF4837BD462D
:101BF00080BD00BF39FA8E3C80B584B000AFF8607C
:101C0000B9607A603B60FB6893ED007AFB68D3EDC6
:101C1000017A27EE277AFB68D3ED026AFB68D3EDE1
:101C2000037A66EEA77A77EE277A37EEA76AFB6823
:101C300093ED017AFB68D3ED017A27EE277AFB68F2
:101C4000D3ED026AFB68D3ED027A66EEA77A77EEEF
:101C5000277A77EEA77AB7EE007A77EE677AF0EE1A
:101C6000670AB0EE460A10F089FDF0EE407A9FED6B
:101C7000337A67EE877ABB68C3ED007AFB6893ED31
:101C8000007AFB68D3ED027A27EE277AFB68D3ED62
:101C9000036AFB68D3ED017A66EEA77A77EE677A7E
:101CA00077EEA77AB0EE670A10F03CFDF0EE407ACE
:101CB0009FED227A67EE877A7B68C3ED007AFB6836
:101CC00093ED007AFB68D3ED037A27EE277AFB6861
:101CD000D3ED016AFB68D3ED027A66EEA77A77EE60
:101CE000277A37EEA76AFB6893ED027AFB68D3ED9B
:101CF000027A27EE277AFB68D3ED036AFB68D3EDFF
:101D0000037A66EEA77A77EE277A77EEA77AB7EEB0
:101D1000007A77EE677AF0EE670AB0EE460A10F0C6
:101D20002DFDF0EE407A9FED057A67EE877A3B68ED
:101D3000C3ED007A00BF1037BD4680BDE12E65427D
:101D400080B582B000AF01F0CCFB00F04BF900F0A1
:101D500091FC00F095F900F0D3F900F0A7FB00F03A
:101D6000F1FB00F03BFC00F04BFA00F087FA00F0CA
:101D7000C3FA00F005FA00F0FDFA0BF079FC00213F
:101D8000814805F04FFE04217F4805F04BFE0821F5
:101D90007D4805F047FE0C217B4805F043FE7A4B59
:101DA0001B684FF47A725A63774B1B684FF47A7250
:101DB0009A63754B1B684FF47A72DA63724B1B6837
:101DC0004FF47A721A644FF47A7001F0FBFB6E4B99
:101DD0001B6840F214525A636B4B1B6840F2DC5292
:101DE0009A63694B1B684FF4E162DA63664B1B68C8
:101DF0004FF4FA621A646548FFF768FA0346002B4D
:101E00000ED0634963480DF045FE6248FEF758FA6C
:101E100003469AB24FF0FF335E495F4806F008FF71
:101E200002224FF4FA715948FFF7D3FB5B48FFF7E2
:101E300061FC5B48FFF71CF95A4800F019FE01F0FD
:101E4000B5FB7860584B1B687A68D31A07EE903A56
:101E5000F8EE677A9FED557A67EE877AC7ED007ADC
:101E6000D7ED007A9FED527AF4EEC77AF1EE10FAD0
:101E700000F186804C4A7B6813604E48FFF7F2FA07
:101E80000346002B7ED14B494048FFF76FFB494B7F
:101E9000D3ED077A474B93ED087A464BD3ED096AA9
:101EA000444B93ED046A434BD3ED055A414B93EDFC
:101EB000065A97ED003AF0EE452AB0EE652AF0EEAC
:101EC000461AB0EE661AF0EE470AB0EE670A3348DB
:101ED000FFF740FC384B394A39493048FFF78CFE50
:101EE000374BD3ED007A354B93ED007A354A3649BE
:101EF00097ED002AF0EE471AB0EE671ADFED330ACD
:101F00009FED320A2648FFF7DDF82F4BD3ED007A1C
:101F10002C4B93ED007A274BD3ED076A254B93EDBD
:101F2000086A244BD3ED095A294B2A4A2A4997EDCE
:101F3000003AF0EE652AB0EE462AF0EE661A9FED02
:101F4000231AF0EE470AB0EE670A164800F0D2FDF9
:101F5000224BD3ED007A204B93ED007A1D4BD3ED4D
:101F6000006A1B4B93ED006A1D48F0EE461AB0EE76
:101F7000661AF0EE470AB0EE670A00F037FC5EE73B
:101F800000BF5CE700BF5AE7940500209C070020D3
:101F9000D82C0108B0080020E0050020D807002058
:101FA000FC07002034080020300900206F12833A1B
:101FB0006F12033BAC070020980800209408002013
:101FC00090080020A00800209C08002000000000CD
:101FD000AC080020A8080020A40800200000002071
:101FE0008808002080B594B000AF07F118033822AC
:101FF000002118460DF0B4FD3B1D00221A605A6006
:102000009A60DA601A614FF4007003F0EFFC22234B
:10201000BB614FF480737B624023BB6201233B634F
:1020200002237B630223BB630123FB6312233B6414
:1020300002237B640623BB640223FB6407F11803BD
:10204000184603F087FD0346002B01D000F098FBF3
:102050000F237B600323BB600023FB6000233B61F5
:1020600000237B613B1D0421184604F085F80346DC
:10207000002B01D000F084FB00BF5037BD4680BD6F
:1020800080B500AF1B4B1C4A1A601A4B1B4A5A60A2
:10209000184B00229A60174B0122DA60154B002280
:1020A0001A61144B00225A61124B00229A61114BA3
:1020B0000022DA610F4B00221A620E4801F01CFE6A
:1020C0000346002B01D000F05BFB0021094801F022
:1020D000AEFE0346002B01D000F052FB0021054864
:1020E00001F0F0FE0346002B01D000F049FB00BFD9
:1020F00080BD00BF6C03002000540040755071602B
:1021000080B500AF1B4B1C4A1A601A4B1B4A5A6021
:10211000184B00229A60174B0122DA60154B0022FF
:102120001A61144B00225A61124B00229A61114B22
:102130000022DA610F4B00221A620E4801F0DCFD2A
:102140000346002B01D000F01BFB0021094801F0E1
:102150006EFE0346002B01D000F012FB0021054863
:1021600001F0B0FE0346002B01D000F009FB00BFD8
:1021700080BD00BFC0030020005800407550716052
:1021800080B500AF1B4B1C4A1A601A4B1B4A5A60A1
:10219000184B00229A60174B0122DA60154B00227F
:1021A0001A61144B00225A61124B00229A61114BA2
:1021B0000022DA610F4B00221A620E4801F09CFDEA
:1021C0000346002B01D000F0DBFA0021094801F0A2
:1021D0002EFE0346002B01D000F0D2FA0021054864
:1021E00001F070FE0346002B01D000F0C9FA00BFD9
:1021F00080BD00BF1404002000780040755071605D
:1022000080B500AF1B4B1C4A1A601A4B4FF4827208
:102210005A60184B00229A60164B4FF4E062DA6065
:10222000144B00221A61134B00225A61114B4FF4D8
:1022300000729A610F4B1822DA610E4B00221A626B
:102240000C4B00225A620B4B00229A62094B072268
:10225000DA62084B00221A63064B08225A630548CB
:1022600004F0F4FB0346002B01D000F089FA00BF14
:1022700080BD00BF680400200030014080B500AF81
:102280001B4B1C4A1A601A4B4FF482725A60184B4F
:1022900000229A60164B4FF44072DA60144B002211
:1022A0001A61134B00225A61114B4FF400729A616C
:1022B0000F4B1822DA610E4B00221A620C4B0022DF
:1022C0005A620B4B00229A62094B0722DA62084BD2
:1022D00000221A63064B08225A63054804F0B6FB35
:1022E0000346002B01D000F04BFA00BF80BD00BFB9
:1022F000CC0400200038004080B500AF1B4B1C4AC6
:102300001A601A4B4FF482725A60184B00229A607E
:10231000164B4FF44072DA60144B00221A61134BD3
:1023200000225A61114B4FF400729A610F4B182230
:10233000DA610E4B00221A620C4B00225A620B4BE0
:1023400000229A62094B0722DA62084B00221A63C4
:10235000064B08225A63054804F078FB0346002B1D
:1023600001D000F00DFA00BF80BD00BF3005002095
:10237000003C004080B58EB000AF07F1280300227A
:102380001A605A609A60DA6007F11C0300221A6032
:102390005A609A603B4600221A605A609A60DA607E
:1023A0001A615A619A613F4B3F4A1A603D4B8F2236
:1023B0005A603C4B00229A603A4B44F61F62DA6046
:1023C000384B00221A61374B00229A61354805F0DC
:1023D00071FA0346002B01D000F0D2F94FF480537C
:1023E000BB6207F1280319462E4805F041FD03465C
:1023F000002B01D000F0C4F92A4805F0B2FA0346D8
:10240000002B01D000F0BCF90023FB6100237B62AC
:1024100007F11C031946234806F024FB0346002B52
:1024200001D000F0ADF960233B604FF47A737B601C
:102430000023BB6000233B613B460022194619483C
:1024400005F002FC0346002B01D000F099F93B4651
:1024500004221946134805F0F7FB0346002B01D070
:1024600000F08EF93B46082219460E4805F0ECFBB9
:102470000346002B01D000F083F900237B603B462C
:102480000C221946074805F0DFFB0346002B01D05C
:1024900000F076F9034800F087FD00BF3837BD46ED
:1024A00080BD00BF94050020000C004080B500AF47
:1024B000224B234A1A60214B4FF416425A601F4B9D
:1024C00000229A601D4B0022DA601C4B00221A6128
:1024D0001A4B0C225A61194B00229A61174B0022A9
:1024E000DA61164B00221A62144B00225A62134B17
:1024F00000229A62114806F04BFB0346002B01D0E4
:1025000000F03EF900210D4807F039FD0346002B8D
:1025100001D000F035F90021084807F06EFD0346B0
:10252000002B01D000F02CF9044807F0EFFC034623
:10253000002B01D000F024F900BF80BDE005002091
:102540000038014080B500AF224B234A1A60214B6E
:102550004FF416525A601F4B00229A601D4B002206
:10256000DA601C4B00221A611A4B0C225A61194B7B
:1025700000229A61174B0022DA61164B00221A6280
:10258000144B00225A62134B00229A62114806F043
:10259000FFFA0346002B01D000F0F2F800210D48AD
:1025A00007F0EDFC0346002B01D000F0E9F8002114
:1025B000084807F022FD0346002B01D000F0E0F8A8
:1025C000044807F0A3FC0346002B01D000F0D8F824
:1025D00000BF80BD740600200044004080B500AFFD
:1025E000224B234A1A60214B4FF4E1325A601F4BB1
:1025F00000229A601D4B0022DA601C4B00221A61F7
:102600001A4B0C225A61194B00229A61174B002277
:10261000DA61164B00221A62144B00225A62134BE5
:1026200000229A62114806F0B3FA0346002B01D04B
:1026300000F0A6F800210D4807F0A1FC0346002B8E
:1026400001D000F09DF80021084807F0D6FC0346B1
:10265000002B01D000F094F8044807F057FC034623
:10266000002B01D000F08CF800BF80BD08070020CF
:102670000048004080B58CB000AF07F11C03002279
:102680001A605A609A60DA601A613B4BDB6C3A4A16
:1026900043F00403D364384BDB6C03F00403BB61E9
:1026A000BB69354BDB6C344A43F02003D364324BB7
:1026B000DB6C03F020037B617B692F4BDB6C2E4AC4
:1026C00043F00103D3642C4BDB6C03F001033B614B
:1026D0003B69294BDB6C284A43F01003D364264B3B
:1026E000DB6C03F01003FB60FB68234BDB6C224ABE
:1026F00043F00203D364204BDB6C03F00203BB60A6
:10270000BB681D4BDB6C1C4A43F00803D3641A4BB7
:10271000DB6C03F008037B607B68002210214FF024
:10272000904001F0D1FA00224FF48051134801F09B
:10273000CBFA1023FB6101233B6200237B62002361
:10274000BB6207F11C0319464FF0904001F030F9CD
:102750004FF48053FB6101233B6200237B62002323
:10276000BB6207F11C031946044801F021F900BFC0
:102770003037BD4680BD00BF001002400004004855
:1027800080B400AF72B600BF00BFFDE780B483B075
:1027900000AF87ED010AD7ED017A9FED107AF4EED4
:1027A000C77AF1EE10FA01D50D4B7B60D7ED017AB7
:1027B0009FED0C7AF4EEC77AF1EE10FA01DD0A4BC8
:1027C0007B60D7ED017AFCEEE77A17EE903A9BB288
:1027D00018460C37BD465DF8047B704700007A440C
:1027E00000007A440000FA440000FA4480B58AB040
:1027F00000AF87ED050AC7ED040A87ED031AC7EDA0
:10280000021A786097ED057AD7ED047A37EE677A89
:10281000D7ED037A37EE277AD7ED027A77EE677A2B
:10282000C7ED097A97ED057AD7ED047A37EE277A66
:10283000D7ED037A77EE677A97ED027A77EE277A0B
:10284000C7ED087A97ED057AD7ED047A37EE677A07
:10285000D7ED037A77EE677A97ED027A77EE277AEB
:10286000C7ED077A97ED057AD7ED047A37EE277A28
:10287000D7ED037A37EE277AD7ED027A77EE677ACB
:10288000C7ED067A97ED090AFFF780FF03461A465F
:102890007B681A8097ED080AFFF778FF03461A460F
:1028A0007B685A8097ED070AFFF770FF03461A46C8
:1028B0007B689A8097ED060AFFF768FF03461A4681
:1028C0007B68DA8000BF2837BD4680BD80B485B004
:1028D00000AF87ED030AC7ED020A87ED011A97EDF5
:1028E000037AD7ED017AB4EEE77AF1EE10FA01DD62
:1028F0007B680BE097ED037AD7ED027AB4EEE77AC6
:10290000F1EE10FA01D5BB6800E0FB6807EE903AE3
:10291000B0EE670A1437BD465DF8047B704780B49B
:1029200087B000AF786187ED040AC7ED030A87ED31
:10293000021AC7ED011A87ED002A7B693A691A600D
:102940007B69FA685A607B69BA689A607B694FF064
:102950000002DA607B694FF000021A617B697A68D5
:102960005A617B693A689A6100BF1C37BD465DF8C1
:10297000047B704780B588B000AFF86087ED020A2D
:10298000C7ED010A87ED001A97ED027AD7ED017ABB
:1029900077EE677AC7ED077AFB6893ED037AD7ED98
:1029A000076AD7ED007A66EEA77A77EE277AFB689A
:1029B000C3ED037AFB6893ED037AFB68D3ED057AE8
:1029C000F1EE677AFB68D3ED056AB0EE661AF0EEB9
:1029D000670AB0EE470AFFF779FFF0EE407AFB682E
:1029E000C3ED037AFB68D3ED047A97ED077A77EEAF
:1029F000676A97ED007AC6EE877AC7ED067AFB68BC
:102A0000FA691A61FB6893ED007AD7ED077A27EE31
:102A1000277AFB68D3ED016AFB68D3ED037A66EE93
:102A2000A77A37EE277AFB68D3ED026AD7ED067AEC
:102A300066EEA77A77EE277AC7ED057AFB68D3EDC5
:102A4000067AF1EE677AFB6893ED067AB0EE471AE4
:102A5000F0EE670A97ED050AFFF738FF87ED050AE4
:102A60007B6907EE903AB0EE670A2037BD4680BD1D
:102A700080B582B000AF78607B689FED172ADFEDEC
:102A8000171A9FED171ADFED170A9FED170A184660
:102A9000FFF745FF7B681C339FED0F2ADFED0F1A10
:102AA0009FED0F1ADFED0F0A9FED0F0A1846FFF793
:102AB00036FF7B6838339FED082ADFED081A9FED5B
:102AC0000B1ADFED0B0AB5EE000A1846FFF727FFD9
:102AD00000BF0837BD4680BD0000FA430000C84271
:102AE0006F12833B0AD7A33DEC51383E0000000033
:102AF000CDCCCC3D80B58CB000AFF86287ED0A0A32
:102B0000C7ED090A87ED081AC7ED071A87ED062AEF
:102B1000C7ED052A87ED043AF960BA607B60FB6A6D
:102B200097ED041AD7ED070A97ED0A0A1846FFF742
:102B300021FFF0EE407AFB68C3ED007AFB6A1C339C
:102B400097ED041AD7ED060A97ED090A1846FFF724
:102B500011FFF0EE407ABB68C3ED007AFB6A3833B0
:102B600097ED041AD7ED050A97ED080A1846FFF706
:102B700001FFF0EE407A7B68C3ED007A00BF30378A
:102B8000BD4680BD80B582B000AF0F4B1B6E0E4AB4
:102B900043F0010313660C4B1B6E03F001037B60D3
:102BA0007B68094B9B6D084A43F080539365064B45
:102BB0009B6D03F080533B603B6802F0BBFF00BF9E
:102BC0000837BD4680BD00BF0010024080B5A4B0EC
:102BD00000AF786007F17C0300221A605A609A60A7
:102BE000DA601A6107F128035422002118460CF01C
:102BF000B7FF7B681B68834A93425CD14023BB626A
:102C000000237B6407F12803184603F0D1FC034638
:102C1000002B01D0FFF7B4FD7B4BDB6C7A4A43F00D
:102C20000103D364784BDB6C03F001037B627B6AA6
:102C3000754BDB6C744A43F00203D364724BDB6C5C
:102C400003F002033B623B6A4FF40043FB6712232D
:102C5000C7F880300023C7F884300023C7F88830D5
:102C60000423C7F88C3007F17C0319464FF09040DD
:102C700000F09EFE8023FB671223C7F880300023FC
:102C8000C7F884300023C7F888300423C7F88C3095
:102C900007F17C0319465D4800F08AFE5A4B9B6D94
:102CA000594A43F400139365574B9B6D03F400138B
:102CB000FB61FB69A2E07B681B68554A93425CD1CB
:102CC0008023BB620023BB6407F12803184603F08E
:102CD0006FFC0346002B01D0FFF752FD4A4BDB6C23
:102CE000494A43F00403D364474BDB6C03F004030D
:102CF000BB61BB69444BDB6C434A43F00103D364C3
:102D0000414BDB6C03F001037B617B691023FB67A4
:102D10001223C7F880300023C7F884300023C7F897
:102D200088300423C7F88C3007F17C0319463948F2
:102D300000F03EFE4FF48073FB671223C7F880302B
:102D40000023C7F884300023C7F888300423C7F86D
:102D50008C3007F17C0319464FF0904000F028FEBC
:102D6000294B9B6D284A43F480039365264B9B6D4A
:102D700003F480033B613B6940E07B681B68264AA3
:102D800093423BD14FF48073BB620023FB6407F195
:102D90002803184603F00CFC0346002B01D0FFF774
:102DA000EFFC194BDB6C184A43F00403D364164B59
:102DB000DB6C03F00403FB60FB684FF44073FB67BC
:102DC0001223C7F880300023C7F884300023C7F8E7
:102DD00088300823C7F88C3007F17C0319460D486A
:102DE00000F0E6FD084B9B6D074A43F08043936576
:102DF000054B9B6D03F08043BB60BB6800BF903701
:102E0000BD4680BD00540040001002400004004850
:102E100000580040000800480078004080B58EB09F
:102E200000AF786007F1240300221A605A609A60AC
:102E3000DA601A617B681B68464A934229D1464B87
:102E40001B6E454A43F480531366434B1B6E03F4D9
:102E500080533B623B6A404BDB6C3F4A43F00103CB
:102E6000D3643D4BDB6C03F00103FB61FB69E023A2
:102E70007B620223BB620023FB6200233B630523CA
:102E80007B6307F1240319464FF0904000F090FD5A
:102E90005BE07B681B68314A934229D12E4B9B6DC6
:102EA0002D4A43F4804393652B4B9B6D03F4804381
:102EB000BB61BB69284BDB6C274A43F00203D36438
:102EC000254BDB6C03F002037B617B694FF46043AD
:102ED0007B620223BB620023FB6200233B6305236A
:102EE0007B6307F1240319461D4800F061FD2CE0C7
:102EF0007B681B681B4A934227D1174B9B6D164A70
:102F000043F400439365144B9B6D03F400433B6112
:102F10003B69114BDB6C104A43F00203D3640E4B48
:102F2000DB6C03F00203FB60FB6838237B62022347
:102F3000BB620023FB6200233B6306237B6307F134
:102F400024031946064800F033FD00BF3837BD465C
:102F500080BD00BF0030014000100240003800403A
:102F600000040048003C004080B485B000AF7860A9
:102F70007B681B680A4A93420BD10A4B9B6D094A36
:102F800043F008039365074B9B6D03F00803FB6058
:102F9000FB6800BF1437BD465DF8047B704700BF77
:102FA000000C00400010024080B588B000AF78608F
:102FB00007F10C0300221A605A609A60DA601A6105
:102FC0007B681B68114A93421CD1114BDB6C104A81
:102FD00043F00103D3640E4BDB6C03F00103BB60D1
:102FE000BB680F23FB6002233B6100237B6100234E
:102FF000BB610223FB6107F10C0319464FF09040BF
:1030000000F0D6FC00BF2037BD4680BD000C00405C
:103010000010024080B5A4B000AF786007F17C03D7
:1030200000221A605A609A60DA601A6107F1280378
:103030005422002118460CF093FD7B681B687A4AE5
:10304000934244D10123BB620023FB6207F12803B2
:10305000184603F0ADFA0346002B01D0FFF790FBB2
:10306000724B1B6E714A43F4804313666F4B1B6EA9
:1030700003F480437B627B6A6C4BDB6C6B4A43F0EE
:103080000103D364694BDB6C03F001033B623B6AD1
:103090004FF4C063FB670223C7F880300023C7F8F2
:1030A00084300023C7F888300723C7F88C3007F135
:1030B0007C0319464FF0904000F07AFC002200217A
:1030C000252000F07CFB252000F093FBA8E07B6826
:1030D0001B68574A934242D10223BB6200233B63E1
:1030E00007F12803184603F063FA0346002B01D0CA
:1030F000FFF746FB4D4B9B6D4C4A43F40033936501
:103100004A4B9B6D03F40033FB61FB69474BDB6C5F
:10311000464A43F00803D364444BDB6C03F00803D6
:10312000BB61BB696023FB670223C7F880300023C3
:10313000C7F884300023C7F888300723C7F88C30DD
:1031400007F17C0319463B4800F032FC00220021C5
:10315000262000F034FB262000F04BFB60E07B686B
:103160001B68354A93425BD10423BB6200237B6317
:1031700007F12803184603F01BFA0346002B01D081
:10318000FFF7FEFA294B9B6D284A43F48023936591
:10319000264B9B6D03F480237B617B69234BDB6CA7
:1031A000224A43F01003D364204BDB6C03F010037E
:1031B0003B613B691D4BDB6C1C4A43F00203D3644B
:1031C0001A4BDB6C03F00203FB60FB684FF4004317
:1031D000FB670223C7F880300023C7F88430002340
:1031E000C7F888300723C7F88C3007F17C031946ED
:1031F000124800F0DDFB4FF48063FB670223C7F841
:1032000080300023C7F884300023C7F888300723B4
:10321000C7F88C3007F17C031946094800F0C8FB59
:1032200000BF9037BD4680BD00380140001002400D
:1032300000440040000C00480048004000100048D6
:103240000004004880B400AF00BFFDE780B400AFC9
:1032500000BFFDE780B400AF00BFFDE780B400AF62
:1032600000BFFDE780B400AF00BFFDE780B400AF52
:1032700000BFBD465DF8047B704780B400AF00BF5F
:10328000BD465DF8047B704780B400AF00BFBD460B
:103290005DF8047B704780B500AF00F075F900BFA2
:1032A00080BD000080B500AF024800F047FF00BFBE
:1032B00080BD00BF101E002080B500AF024805F0A1
:1032C00051FD00BF80BD00BFE005002080B500AF0C
:1032D000024805F047FD00BF80BD00BF7406002016
:1032E00080B400AF01231846BD465DF8047B7047EB
:1032F00080B582B000AF786039600CF095FC034671
:1033000016221A604FF0FF3318460837BD4680BDBD
:1033100080B582B000AF78604FF0FF317868FFF77A
:10332000E7FF00BFFDE780B586B000AFF860B96089
:103330007A6000237B610AE0AFF300800146BB683E
:103340005A1CBA60CAB21A707B6901337B617A6910
:103350007B689A42F0DB7B6818461837BD4680BD13
:1033600080B586B000AFF860B9607A6000237B61F9
:1033700009E0BB685A1CBA601B781846AFF300809E
:103380007B6901337B617A697B689A42F1DB7B68F8
:1033900018461837BD4680BD80B483B000AF786052
:1033A0004FF0FF3318460C37BD465DF8047B70477D
:1033B00080B483B000AF786039603B684FF400524E
:1033C0005A60002318460C37BD465DF8047B7047F1
:1033D00080B483B000AF7860012318460C37BD4637
:1033E0005DF8047B704780B485B000AFF860B960C9
:1033F0007A60002318461437BD465DF8047B704799
:1034000080B586B000AF7860144A154BD31A7B6143
:103410007B693B61134B1B68002B02D1114B124A95
:103420001A60104B1A687B6813443A699A4207D2B3
:103430000CF0FAFB03460C221A604FF0FF3309E050
:10344000084B1B68FB60074B1A687B681344054AEE
:103450001360FB6818461837BD4680BD0000022087
:1034600000040000340900205824002080B400AF7C
:10347000064BD3F88830054A43F47003C2F888300D
:1034800000BFBD465DF8047B704700BF00ED00E063
:103490000D488546FFF7EAFF0C480D490D4A002309
:1034A00002E0D458C4500433C4188C42F9D30A4AF9
:1034B0000A4C002301E013600432A242FBD30CF05B
:1034C000B9FBFEF73DFCFEE70000022000000020F3
:1034D00050030020E8310108500300205824002048
:1034E000FEE780B582B000AF0023FB71032000F03F
:1034F0005BF90F2000F00EF80346002B02D00123E9
:10350000FB7101E0FFF73EFBFB7918460837BD462B
:1035100080BD000080B584B000AF78600023FB73ED
:10352000164B1B68002B22D0154B1A68134B1B68D7
:103530004FF47A71B1FBF3F3B2FBF3F3184600F0EA
:1035400066F90346002B0FD17B680F2B09D80022A8
:1035500079684FF0FF3000F032F90A4A7B68136057
:1035600007E00123FB7304E00123FB7301E0012367
:10357000FB73FB7B18461037BD4680BD0C00002056
:10358000040000200800002080B400AF054B1A683A
:10359000054B1B681344034A136000BFBD465DF82A
:1035A000047B7047380900200C00002080B400AF75
:1035B000034B1B681846BD465DF8047B704700BF8F
:1035C0003809002080B584B000AF7860FFF7EEFFC7
:1035D000B8607B68FB60FB68B3F1FF3F04D0094B28
:1035E0001B68FA681344FB6000BFFFF7DFFF024669
:1035F000BB68D31AFA689A42F7D800BF00BF1037E9
:10360000BD4680BD0C00002080B485B000AF78605E
:103610007B6803F00703FB600C4BDB68BB60BA6898
:103620004FF6FF031340BB60FB681A02BB681343ED
:1036300043F0BF6343F40033BB60044ABB68D3600C
:1036400000BF1437BD465DF8047B704700ED00E015
:1036500080B400AF044BDB681B0A03F00703184675
:10366000BD465DF8047B704700ED00E080B483B098
:1036700000AF0346FB7197F90730002B0BDBFB799A
:1036800003F01F02074997F907305B09012000FA90
:1036900002F241F8232000BF0C37BD465DF8047BE1
:1036A000704700BF00E100E080B483B000AF034684
:1036B0003960FB7197F90730002B0ADB3B68DAB2FF
:1036C0000C4997F907301201D2B20B4483F800235A
:1036D0000AE03B68DAB20849FB7903F00F03043BC8
:1036E0001201D2B20B441A7600BF0C37BD465DF80A
:1036F000047B704700E100E000ED00E080B489B099
:1037000000AFF860B9607A60FB6803F00703FB6103
:10371000FB69C3F10703042B28BF0423BB61FB69CA
:103720000433062B02D9FB69033B00E000237B61D5
:103730004FF0FF32BB6902FA03F3DA43BB681A4069
:103740007B699A404FF0FF317B6901FA03F3D9435B
:103750007B680B40134318462437BD465DF8047B55
:103760007047000080B582B000AF78607B68013B95
:10377000B3F1807F01D301230FE00A4A7B68013B4C
:1037800053600F214FF0FF30FFF78EFF054B0022F3
:103790009A60044B07221A60002318460837BD467A
:1037A00080BD00BF10E000E080B582B000AF78605F
:1037B0007868FFF729FF00BF0837BD4680BD80B598
:1037C00086B000AF0346B9607A60FB73FFF740FF35
:1037D00078617A68B9687869FFF790FF024697F9CF
:1037E0000F3011461846FFF75FFF00BF1837BD4680
:1037F00080BD80B582B000AF0346FB7197F90730FA
:103800001846FFF733FF00BF0837BD4680BD80B5BF
:1038100082B000AF78607868FFF7A4FF03461846CF
:103820000837BD4680BD80B485B000AF7860002306
:10383000FB737B68002B01D101234CE07B6893F87C
:103840002530DBB2022B05D07B680422DA6301232A
:10385000FB7337E07B681B681A687B681B6822F083
:1038600001021A607B681B681A687B681B6822F07B
:103870000E021A607B689B6C1A687B689B6C22F452
:1038800080721A607B685B6C03F01F027B681B6CA4
:10389000012101FA02F25A607B68DB6C7A68126DD2
:1038A0005A607B685B6D002B0CD07B685B6D1A687F
:1038B0007B685B6D22F480721A607B689B6D7A680E
:1038C000D26D5A607B68012283F825207B68002234
:1038D00083F82420FB7B18461437BD465DF8047B33
:1038E000704780B584B000AF78600023FB737B68BD
:1038F00093F82530DBB2022B0DD07B680422DA630B
:103900007B68012283F825207B68002283F824202D
:103910000123FB7347E07B681B681A687B681B68A0
:1039200022F001021A607B681B681A687B681B68BA
:1039300022F00E021A607B689B6C1A687B689B6C95
:1039400022F480721A607B685B6C03F01F027B6854
:103950001B6C012101FA02F25A607B68DB6C7A6809
:10396000126D5A607B685B6D002B0CD07B685B6DC1
:103970001A687B685B6D22F480721A607B689B6DAD
:103980007A68D26D5A607B68012283F825207B68B3
:10399000002283F824207B689B6B002B03D07B687C
:1039A0009B6B78689847FB7B18461037BD4680BDF7
:1039B00080B487B000AF7860396000237B6164E138
:1039C0003B681A6801217B6901FA03F31340FB602D
:1039D000FB68002B00F056813B685B6803F0030333
:1039E000012B05D03B685B6803F00303022B30D149
:1039F0007B689B683B617B695B00032202FA03F3EF
:103A0000DB433A6913403B613B68DA687B695B00E2
:103A100002FA03F33A6913433B617B683A699A609F
:103A20007B685B683B6101227B6902FA03F3DB433D
:103A30003A6913403B613B685B681B0903F0010274
:103A40007B6902FA03F33A6913433B617B683A6985
:103A50005A603B685B6803F00303032B09D13B68A2
:103A60005B6803F00303032B1BD13B689B68012BAE
:103A700017D07B68DB683B617B695B00032202FA3D
:103A800003F3DB433A6913403B613B689A687B6907
:103A90005B0002FA03F33A6913433B617B683A69BE
:103AA000DA603B685B6803F00303022B23D17B6978
:103AB000DA087B68083253F822303B617B6903F0F7
:103AC00007039B000F2202FA03F3DB433A6913401A
:103AD0003B613B681A697B6903F007039B0002FAAC
:103AE00003F33A6913433B617B69DA087B68083268
:103AF000396943F822107B681B683B617B695B0076
:103B0000032202FA03F3DB433A6913403B613B684B
:103B10005B6803F003027B695B0002FA03F33A6916
:103B200013433B617B683A691A603B685B6803F446
:103B30004033002B00F0A6805B4B1B6E5A4A43F0CB
:103B400001031366584B1B6E03F00103BB60BB6897
:103B5000564A7B699B08023352F823303B617B69EC
:103B600003F003039B000F2202FA03F3DB433A69DD
:103B700013403B617B68B3F1904F1FD07B684C4A88
:103B8000934219D07B684B4A934213D07B684A4AD0
:103B900093420DD07B68494A934207D07B68484ADC
:103BA000934201D105230AE0062308E0042306E03E
:103BB000032304E0022302E0012300E000237A69EA
:103BC00002F00302920093403A6913433B61374984
:103BD0007B699B0802333A6941F82320394B9B6883
:103BE0003B61FB68DB433A6913403B613B685B68C0
:103BF00003F48013002B03D03A69FB6813433B6145
:103C0000304A3B6993602F4BDB683B61FB68DB43C9
:103C10003A6913403B613B685B6803F40013002B77
:103C200003D03A69FB6813433B61264A3B69D36082
:103C3000244B5B683B61FB68DB433A6913403B61A3
:103C40003B685B6803F40033002B03D03A69FB68E0
:103C500013433B611B4A3B6953601A4B1B683B6132
:103C6000FB68DB433A6913403B613B685B6803F4E4
:103C70008033002B03D03A69FB6813433B61114A40
:103C80003B6913607B6901337B613B681A687B6920
:103C900022FA03F3002B7FF493AE00BF00BF1C3762
:103CA000BD465DF8047B70470010024000000140F3
:103CB0000004004800080048000C004800100048BC
:103CC000001400480004014080B483B000AF786065
:103CD0000B467B8013467B707B78002B03D07A8861
:103CE0007B689A6102E07A887B689A6200BF0C3731
:103CF000BD465DF8047B704780B582B000AF786048
:103D00007B68002B01D101238DE07B6893F8413063
:103D1000DBB2002B06D17B68002283F84020786854
:103D2000FEF754FF7B68242283F841207B681B68E0
:103D30001A687B681B6822F001021A607B685A6867
:103D40007B681B6822F070621A617B681B689A6846
:103D50007B681B6822F400429A607B68DB68012B59
:103D600007D17B689A687B681B6842F400429A60BE
:103D700006E07B689A687B681B6842F404429A609C
:103D80007B68DB68022B08D17B681B685A687B68FC
:103D90001B6842F400625A6007E07B681B685A683F
:103DA0007B681B6822F400625A607B681B685B6852
:103DB0007A68126843F0007343F4004353607B68F1
:103DC0001B68DA687B681B6822F40042DA607B6853
:103DD0001A697B685B6942EA03017B689B691A0286
:103DE0007B681B680A43DA607B68D9697B681A6A5A
:103DF0007B681B680A431A607B681B681A687B68CB
:103E00001B6842F001021A607B6800225A647B68DA
:103E1000202283F841207B6800221A637B680022FD
:103E200083F84220002318460837BD4680BD80B481
:103E300083B000AF786039607B6893F84130DBB2C3
:103E4000202B38D17B6893F84030012B01D102231D
:103E500032E07B68012283F840207B68242283F8CB
:103E600041207B681B681A687B681B6822F001028E
:103E70001A607B681B681A687B681B6822F4805292
:103E80001A607B681B6819687B681B683A680A437C
:103E90001A607B681B681A687B681B6842F0010225
:103EA0001A607B68202283F841207B68002283F817
:103EB0004020002300E0022318460C37BD465DF881
:103EC000047B704780B485B000AF786039607B6850
:103ED00093F84130DBB2202B39D17B6893F8403026
:103EE000012B01D1022333E07B68012283F84020BB
:103EF0007B68242283F841207B681B681A687B68F2
:103F00001B6822F001021A607B681B681B68FB605B
:103F1000FB6823F47063FB603B681B02FA68134381
:103F2000FB607B681B68FA681A607B681B681A680C
:103F30007B681B6842F001021A607B68202283F8CC
:103F400041207B68002283F84020002300E0022308
:103F500018461437BD465DF8047B704780B584B0C1
:103F600000AF78607B68002B01D10123C0E07B6843
:103F700093F89132DBB2002B06D17B68002283F8E4
:103F80009022786809F054FD7B68032283F891221F
:103F90007B681B68184606F0D4F80023FB733EE0EC
:103FA000FA7B796813469B001344DB000B44113302
:103FB00001221A70FA7B796813469B001344DB00D8
:103FC0000B441033FA7B1A70FA7B796813469B0016
:103FD0001344DB000B44133300221A70FA7B796818
:103FE00013469B001344DB000B44203300221A606D
:103FF000FA7B796813469B001344DB000B4424339F
:1040000000221A60FB7B79685A1C13469B001344FC
:10401000DB000B4400221A60FB7B0133FB737B68DF
:104020001B79FA7B9A42BBD30023FB7344E0FA7BF3
:10403000796813469B001344DB000B4403F25113D1
:1040400000221A70FA7B796813469B001344DB0048
:104050000B4403F5A873FA7B1A70FA7B7968134650
:104060009B001344DB000B4403F2531300221A702D
:10407000FA7B796813469B001344DB000B4403F57D
:10408000B07300221A60FA7B796813469B001344D0
:10409000DB000B4403F5B27300221A60FA7B7968E7
:1040A00013469B001344DB000B4403F5B47300225A
:1040B0001A60FB7B0133FB737B681B79FA7B9A42A6
:1040C000B5D37B6818687B68043393E8060006F074
:1040D00053F87B6800221A737B68012283F89122CF
:1040E0007B689B7A012B02D1786801F055FC002394
:1040F00018461037BD4680BD80B582B000AF7860ED
:104100007B6893F89032012B01D1022312E07B6887
:10411000012283F890227B681B68184605F0FAFF9D
:104120007B681B68184607F0D7FD7B68002283F880
:104130009022002318460837BD4680BD80B584B064
:1041400000AF78607B681B68184607F0DCFDF860FC
:10415000FB6803F40043002B03D0786800F006FBF3
:1041600010E1FB6803F48063002B13D07B681B68AD
:10417000B3F844309AB27B681B6822F4806292B232
:10418000A3F84420786809F0E4FC0021786800F086
:10419000FCF8F7E0FB6803F48043002B0CD07B684D
:1041A0001B68B3F844309AB27B681B6822F48042E3
:1041B00092B2A3F84420E5E0FB6803F40053002B1F
:1041C0000CD07B681B68B3F844309AB27B681B68DC
:1041D00022F4005292B2A3F84420D3E0FB6803F427
:1041E0008053002B34D07B681B68B3F840309AB200
:1041F0007B681B6822F0040292B2A3F840207B681F
:104200001B68B3F840309AB27B681B6822F0080242
:1042100092B2A3F840207B6893F8C832012B07D1F3
:104220007B68002283F8C8220021786809F084FEA8
:10423000786809F0C7FC7B681B68B3F844309AB211
:104240007B681B6822F4805292B2A3F8442099E064
:10425000FB6803F40063002B27D07B681B68B3F86E
:1042600040309AB27B681B6842F0080292B2A3F811
:1042700040207B681B68B3F844309AB27B681B68A7
:1042800022F4006292B2A3F844207B681B68B3F862
:1042900040309AB27B681B6842F0040292B2A3F8E5
:1042A0004020786809F074FC6CE0FB6803F0800340
:1042B000002B40D07B681B68B3F844309AB27B680F
:1042C0001B6822F0800292B2A3F844207B6893F826
:1042D000C832002B2BD17B681B68B3F840309AB2F0
:1042E0007B681B6842F0040292B2A3F840207B680E
:1042F0001B68B3F840309AB27B681B6842F0080232
:1043000092B2A3F840207B68012283F8C8227B6820
:104310001B68B3F854309BB29B0803F03C027B68E7
:10432000C3F8CC220121786809F006FE2AE07868FB
:1043300009F02EFC26E0FB6803F40073002B0FD07D
:104340007B681B68B3F844309AB27B681B6822F420
:10435000007292B2A3F84420786809F0ECFB11E0F7
:10436000FB6803F48073002B0CD07B681B68B3F8E8
:1043700044309AB27B681B6822F4807292B2A3F830
:10438000442000BF1037BD4680BD80B582B000AF6D
:1043900078600B46FB707B6893F89032012B01D15B
:1043A000022312E07B68012283F890227B68FA786E
:1043B0001A737B681B68FA781146184607F078FC78
:1043C0007B68002283F89022002318460837BD46F8
:1043D00080BD80B584B000AF7860084611461A46AB
:1043E0000346FB700B463B801346BB700023FB72F9
:1043F00097F90330002B0EDAFB7803F0070213461F
:104400009B001344DB0010337A681344FB60FB68A5
:1044100001225A700EE0FB7803F0070213469B005E
:104420001344DB0003F5A8737A681344FB60FB6850
:1044300000225A70FB7803F00703DAB2FB681A70A7
:104440003B88C3F30A02FB681A61FB68BA78DA702A
:10445000BB78022B02D1FB6800221A717B6893F8AB
:104460009032012B01D102230EE07B68012283F8F8
:1044700090227B681B68F968184605F09BFE7B68F4
:10448000002283F89022FB7A18461037BD4680BD83
:1044900080B584B000AF78600B46FB7097F90330AD
:1044A000002B0EDAFB7803F0070213469B0013443F
:1044B000DB0010337A681344FB60FB6801225A70FA
:1044C0000EE0FB7803F0070213469B001344DB0069
:1044D00003F5A8737A681344FB60FB6800225A70E6
:1044E000FB7803F00703DAB2FB681A707B6893F875
:1044F0009032012B01D102230EE07B68012283F868
:1045000090227B681B68F968184606F03BFB7B68C5
:10451000002283F89022002318461037BD4680BD44
:1045200080B586B000AFF8607A603B600B46FB72E6
:10453000FB7A03F0070213469B001344DB0003F5EC
:10454000A873FA6813447B617B697A685A617B6956
:104550003A689A617B690022DA617B6900225A70AD
:10456000FB7A03F00703DAB27B691A70FB681B68F9
:104570007969184606F0F3FC002318461837BD4643
:1045800080BD80B483B000AF78600B46FB70FB78D1
:1045900003F00702796813469B001344DB000B44C9
:1045A00003F5B6731B6818460C37BD465DF8047BEF
:1045B000704780B586B000AFF8607A603B600B460C
:1045C000FB72FB7A03F0070213469B001344DB00E7
:1045D0001033FA6813447B617B697A685A617B699E
:1045E0003A689A617B69012283F824207B693A68E2
:1045F0001A627B690022DA617B6901225A70FB7AB8
:1046000003F00703DAB27B691A70FB681B687969EB
:10461000184606F0A4FC002318461837BD4680BD96
:1046200080B584B000AF78600B46FB70FB7803F078
:1046300007037A681279934201D901233EE097F982
:104640000330002B0EDAFB7803F0070213469B00C1
:104650001344DB0010337A681344FB60FB680122CB
:104660005A700CE0FA7813469B001344DB0003F504
:10467000A8737A681344FB60FB6800225A70FB68D9
:1046800001229A70FB7803F00703DAB2FB681A7014
:104690007B6893F89032012B01D102230EE07B68F6
:1046A000012283F890227B681B68F968184607F09E
:1046B00005FA7B68002283F8902200231846103701
:1046C000BD4680BD80B584B000AF78600B46FB70FE
:1046D000FB7803F00F037A681279934201D9012322
:1046E00040E097F90330002B0EDAFB7803F0070265
:1046F00013469B001344DB0010337A681344FB60BD
:10470000FB6801225A700EE0FB7803F007021346A3
:104710009B001344DB0003F5A8737A681344FB6025
:10472000FB6800225A70FB6800229A70FB7803F045
:104730000703DAB2FB681A707B6893F89032012B9A
:1047400001D102230EE07B68012283F890227B686E
:104750001B68F968184607F002FA7B68002283F8A4
:104760009022002318461037BD4680BD80B594B016
:1047700000AF78607AE37B681B68B3F84430A7F831
:104780004230B7F84230DBB203F00F0387F8413014
:1047900097F84130072B01D9012371E397F8413095
:1047A000002B40F04381B7F8423003F01003002B98
:1047B0004CD17B681B681B889BB223F4E14323F038
:1047C00070037B817B681A687B896FEA43436FEAD9
:1047D00053439BB213807B681033BB647B681B68B8
:1047E000B3F850309BB21A46BB6C1B78DB00134405
:1047F0007A681268134403F202431B88C3F3090268
:10480000BB6CDA61BB6C5A69BB6CDB691A44BB6C6C
:104810005A610021786809F074F97B681B7BDBB270
:10482000002B00F02383BB6C9B69002B40F01E83A0
:104830007B681B7BDBB263F07F03DAB27B681B68AB
:10484000A3F84C207B6800221A730FE37B6803F502
:10485000A873BB647B681B681B88FB87FB8F03F412
:104860000063002B7BD07B681B68B3F850309BB291
:104870001A46BB6C1B78DB0013447A681268134439
:1048800003F206431B88C3F30902BB6CDA61BB6CFD
:10489000DB69082B44D07B681B681B889BB223F420
:1048A000804323F070033B823B8A83F480533B8236
:1048B0007B681A683B8A43F07F4343F47F0343F4E9
:1048C000004343F080039BB213807B681B681B8806
:1048D0009BB223F4E04323F04003FB81FB8983F088
:1048E0001003FB817B681A68FB8943F07F4343F424
:1048F0007F0343F4004343F080039BB213807B6843
:104900001B681B889AB240F68F731340BB817B688B
:104910001B68BA8942F0800292B21A800023AFE28B
:104920007B6818687B6803F52671BB6CDA88BB6C02
:10493000DB699BB207F03AFA7B681B681B889AB266
:1049400040F68F7313407B827B681B687A8A42F043
:10495000800292B21A80786809F0A6F886E2B7F968
:104960003E30002B80F282827B681B681B889AB2E3
:1049700040F68F731340FB827B681B68FA8A42F013
:10498000800292B21A807B681B68B3F850309BB2E9
:104990001A46BB6C1B78DB0013447A681268134418
:1049A00003F206431B88C3F30902BB6CDA61BB6CDC
:1049B000DB69002B1ED17B681B681B889BB223F42C
:1049C000804323F07003BB82BB8A83F48053BB8295
:1049D000BB8A83F40053BB827B681A68BB8A43F0AE
:1049E0007F4343F47F0343F4004343F080039BB2CF
:1049F00013803BE2BB6C5B69002B00F037827B6865
:104A00001868BB6C5969BB6CDA88BB6CDB699BB2FC
:104A100007F0CCF9BB6C5A69BB6CDB691A44BB6C00
:104A20005A610021786809F051F81FE27B681B6821
:104A30001A4697F841309B0013441B88FB87B7F94F
:104A40003E30002B80F2F5807B681B681A4697F891
:104A500041309B0013441B889AB240F68F73134079
:104A6000A7F846307B681B681A4697F841309B00D0
:104A70001344B7F8462042F0800292B21A8097F8A9
:104A8000412013469B001344DB0003F5A8737A68AA
:104A90001344BB64BB6C1B7B002B23D17B681B685E
:104AA000B3F850309BB21A46BB6C1B78DB00134442
:104AB0007A681268134403F206431B88C3F30903A0
:104AC000A7F84E30B7F84E30002B00F08D807B6891
:104AD0001868BB6C5969BB6CDA88B7F84E3007F0C0
:104AE00065F981E0BB6CDB78022B09D1FB8F1A469C
:104AF000B96C786800F0C8F90346A7F84E3073E047
:104B00007B681B681A46BB6C1B789B0013441B8890
:104B10009BB223F4E04323F07003A7F844307B6892
:104B20001B681A46BB6C1B789B001A44B7F84430CC
:104B300043F07F4343F47F0343F4004343F0C00357
:104B40009BB213807B681B681A46BB6C1B789B006A
:104B500013441B889BB203F48043002B22D07B6854
:104B60001B68B3F850309BB21A46BB6C1B78DB0055
:104B700013447A681268134403F202431B88C3F398
:104B80000903A7F84E30B7F84E30002B2CD07B68C5
:104B90001868BB6C5969BB6C1A89B7F84E3007F0BE
:104BA00005F921E07B681B68B3F850309BB21A46C8
:104BB000BB6C1B78DB0013447A681268134403F261
:104BC00006431B88C3F30903A7F84E30B7F84E30ED
:104BD000002B09D07B681868BB6C5969BB6C5A897B
:104BE000B7F84E3007F0E2F8BB6CDA69B7F84E3030
:104BF0001A44BB6CDA61BB6C9B69002B05D0B7F81B
:104C00004E20BB6C1B699A4206D2BB6C1B781946BE
:104C1000786808F05BFF0CE0BB6C5A69B7F84E305F
:104C20001A44BB6C5A617B681B68B96C184606F065
:104C300096F9FB8F03F08003002B00F0178197F8A3
:104C4000412013469B001344DB0010337A68134461
:104C5000BB647B681B681A4697F841309B0013447D
:104C60001B889BB223F4E14323F07003BB877B686E
:104C70001B681A4697F841309B001A44BB8F6FEAB5
:104C800043436FEA53439BB21380BB6CDB78012B29
:104C900040F0A180BB6C00229A61BB6C1B7B002B97
:104CA00000F09280FB8F03F04003002B46D0BB6CDA
:104CB0005B78002B26D17B681B68FB617B681B68D7
:104CC000B3F850309BB21A46FB691344FB61BB6CCE
:104CD0001B78DA00FB69134403F20243BB61BB6932
:104CE0001B889BB2C3F309039AB2BB691A80BB69E4
:104CF0001B889BB26FEA43436FEA53439AB2BB6986
:104D00001A8061E0BB6C5B78012B5DD17B681B680E
:104D10007B627B681B68B3F850309BB21A467B6A93
:104D200013447B62BB6C1B78DA007B6A134403F28A
:104D300002433B623B6A00221A8045E07B681B68A5
:104D40007B63BB6C5B78002B26D17B681B68FB62A6
:104D50007B681B68B3F850309BB21A46FB6A134459
:104D6000FB62BB6C1B78DA00FB6A134403F2064358
:104D7000BB62BB6A1B889BB2C3F309039AB2BB6ACE
:104D80001A80BB6A1B889BB26FEA43436FEA5343A6
:104D90009AB2BB6A1A8017E0BB6C5B78012B13D107
:104DA0007B681B68B3F850309BB21A467B6B134488
:104DB0007B63BB6C1B78DA007B6B134403F2064306
:104DC0003B633B6B00221A80BB6C1B7819467868EA
:104DD00008F097FE4AE0FB8F03F48073002B3FD16D
:104DE0007B681B68B3F850309BB21A46BB6C1B78CB
:104DF000DB0013447A681268134403F202431B88F1
:104E0000C3F309037B87BB6C9A697B8F9A4206D9EF
:104E1000BB6C9A697B8FD21ABB6C9A6102E0BB6C47
:104E200000229A61BB6C9B69002B06D1BB6C1B787E
:104E30001946786808F065FE18E0BB6C5A697B8FEC
:104E40001A44BB6C5A61BB6CDA697B8F1A44BB6C29
:104E5000DA617B681B68B96C184606F080F805E0DB
:104E6000FB8F1A46B96C786800F017F97B681B68ED
:104E7000B3F844309BB21BB2002BFFF67CAC00238E
:104E800018465037BD4680BD80B588B000AFF86089
:104E9000B9601346FB80FB8803F48043002B7CD071
:104EA000FB681B68B3F850309BB21A46BB681B788E
:104EB000DB001344FA681268134403F202431B88B0
:104EC000C3F309037B83BB689A697B8B9A4206D341
:104ED000BB689A697B8BD21ABB689A6102E0BB6897
:104EE00000229A61BB689B69002B23D1FB681B6879
:104EF0001A46BB681B789B0013441B889BB223F4A3
:104F0000804323F070033B833B8B83F400533B834C
:104F1000FB681B681A46BB681B789B001A443B8BD6
:104F200043F07F4343F47F0343F4004343F08003A3
:104F30009BB21380FB8803F04003002B1FD0FB685B
:104F40001B681A46BB681B789B0013441B889BB2E6
:104F500023F4E04323F07003FB82FB681B681A46CE
:104F6000BB681B789B001A44FB8A43F07F4343F4E1
:104F70007F0343F4004343F0C0039BB213807B8B59
:104F8000002B00F08580FB681868BB685969BB6816
:104F90001A897B8B06F00AFF7AE0FB681B68B3F87E
:104FA00050309BB21A46BB681B78DB001344FA688A
:104FB0001268134403F206431B88C3F309037B837F
:104FC000BB689A697B8B9A4206D3BB689A697B8BD4
:104FD000D21ABB689A6102E0BB6800229A61BB6882
:104FE0009B69002B23D1FB681B681A46BB681B78A2
:104FF0009B0013441B889BB223F4804323F070036F
:10500000FB83FB8B83F40053FB83FB681B681A460E
:10501000BB681B789B001A44FB8B43F07F4343F42F
:105020007F0343F4004343F080039BB21380FB886B
:1050300003F04003002B1FD1FB681B681A46BB68B6
:105040001B789B0013441B889BB223F4E04323F09E
:105050007003BB83FB681B681A46BB681B789B0008
:105060001A44BB8B43F07F4343F47F0343F4004374
:1050700043F0C0039BB213807B8B002B08D0FB68EE
:105080001868BB685969BB685A897B8B06F08EFE2D
:105090007B8B18462037BD4680BD80B5A6B000AFDB
:1050A000F860B9601346FB80FB8803F04003002BD7
:1050B00000F0F781FB681B68B3F850309BB21A46CA
:1050C000BB681B78DB001344FA681268134403F2D0
:1050D00002431B88C3F30903A7F89630BB689A699B
:1050E000B7F896309A4207D9BB689A69B7F89630F4
:1050F000D21ABB689A6102E0BB6800229A61BB6861
:105100009B69002B40F0E180BB685B78002B26D1C7
:10511000FB681B683B63FB681B68B3F850309BB2AD
:105120001A463B6B13443B63BB681B78DA003B6B4E
:10513000134403F20243FB62FB6A1B889BB2C3F376
:1051400009039AB2FB6A1A80FB6A1B889BB26FEA5A
:1051500043436FEA53439AB2FB6A1A801AE0BB6872
:105160005B78012B16D1FB681B68BB63FB681B686F
:10517000B3F850309BB21A46BB6B1344BB63BB6899
:105180001B78DA00BB6B134403F202437B637B6B37
:1051900000221A80FB681B68BB62BB685B78002B2F
:1051A00026D1FB681B683B62FB681B68B3F8503074
:1051B0009BB21A463B6A13443B62BB681B78DA0019
:1051C0003B6A134403F20643FB61FB691B889BB2F5
:1051D000C3F309039AB2FB691A80FB691B889BB26F
:1051E0006FEA43436FEA53439AB2FB691A8017E0B0
:1051F000BB685B78012B13D1FB681B68B3F8503098
:105200009BB21A46BB6A1344BB62BB681B78DA00C8
:10521000BB6A134403F206437B627B6A00221A8056
:10522000BB68DB78022B23D1FB681B681A46BB687E
:105230001B789B0013441B889BB223F4E04323F0AC
:1052400040037B837B8B83F020037B83FB681B689D
:105250001A46BB681B789B001A447B8B43F07F4344
:1052600043F47F0343F4004343F080039BB2138075
:10527000BB681B781946F86808F043FCFB8803F408
:105280008043002B1FD0FB681B681A46BB681B7845
:105290009B0013441B889BB223F4E04323F070036C
:1052A0003B83FB681B681A46BB681B789B001A444B
:1052B0003B8B43F07F4343F47F0343F4404343F08D
:1052C00080039BB2138000231FE3FB8803F4804319
:1052D000002B21D0FB681B681A46BB681B789B001B
:1052E00013441B889BB223F4E04323F07003A7F818
:1052F0004E30FB681B681A46BB681B789B001A443B
:10530000B7F84E3043F07F4343F47F0343F4404308
:1053100043F080039BB21380BB6893F82430012BC9
:1053200040F0CA82BB685A69B7F896301A44BB6825
:105330005A61BB68DA69B7F896301A44BB68DA611B
:10534000BB681A6ABB681B699A4209D3BB681B69B0
:10535000BB65BB681A6ABB6DD21ABB681A6215E0DE
:10536000BB681B6A002B07D1B7F89630BB65BB68DA
:10537000002283F8242009E0BB68002283F824205F
:10538000BB681B6ABB65BB6800221A62BB685B789E
:10539000002B5FD1FB681B683B64FB681B68B3F89C
:1053A00050309BB21A463B6C13443B64BB681B787D
:1053B000DA003B6C134403F20243FB63FB6B1B8874
:1053C0009BB2C3F309039AB2FB6B1A80BB6D002B2F
:1053D0000AD1FB6B1B889BB26FEA43436FEA5343CE
:1053E0009AB2FB6B1A8051E0BB6D3E2B16D8BB6D99
:1053F0005B083B65BB6D03F00103002B02D03B6DE6
:1054000001333B65FB6B1B889AB23B6D9BB29B02E1
:105410009BB213439AB2FB6B1A8037E0BB6D5B09FA
:105420003B65BB6D03F01F03002B02D13B6D013BBD
:105430003B65FB6B1B889AB23B6D9BB29B029BB298
:1054400013439BB26FEA43436FEA53439AB2FB6B39
:105450001A801BE0BB685B78012B17D1FB681B68C7
:10546000BB64FB681B68B3F850309BB21A46BB6C38
:105470001344BB64BB681B78DA00BB6C134403F2B3
:1054800002437B64BB6D9AB27B6C1A80FB68186820
:10549000BB685969BB681A89BB6D9BB206F043FCB7
:1054A0000AE2FB681B68B3F850309BB21A46BB682F
:1054B0001B78DB001344FA681268134403F20643B6
:1054C0001B88C3F30903A7F89630BB689A69B7F83D
:1054D00096309A4207D3BB689A69B7F89630D21AC9
:1054E000BB689A6102E0BB6800229A61BB689B6955
:1054F000002B40F0F680BB685B78002B26D1FB6860
:105500001B687B67FB681B68B3F850309BB21A4678
:105510007B6F13447B67BB681B78DA007B6F134497
:1055200003F202433B673B6F1B889BB2C3F3090343
:105530009AB23B6F1A803B6F1B889BB26FEA434362
:105540006FEA53439AB23B6F1A801AE0BB685B78EC
:10555000012B16D1FB681B68FB67FB681B68B3F85F
:1055600050309BB21A46FB6F1344FB67BB681B7835
:10557000DA00FB6F134403F20243BB67BB6F0022E8
:105580001A80FB681B68C7F88430BB685B78002B07
:105590002FD1FB681B68C7F88C30FB681B68B3F819
:1055A00050309BB21A46D7F88C301344C7F88C3071
:1055B000BB681B78DA00D7F88C30134403F206433B
:1055C000C7F88830D7F888301B889BB2C3F309032B
:1055D0009AB2D7F888301A80D7F888301B889BB2E7
:1055E0006FEA43436FEA53439AB2D7F888301A8080
:1055F0001CE0BB685B78012B18D1FB681B68B3F813
:1056000050309BB21A46D7F884301344C7F8843020
:10561000BB681B78DA00D7F88430134403F20643E2
:10562000C7F88030D7F8803000221A80BB68DB785A
:10563000022B27D1FB681B681A46BB681B789B00AE
:1056400013441B889BB223F4E04323F04003A7F8E4
:105650009430B7F8943083F02003A7F89430FB68B7
:105660001B681A46BB681B789B001A44B7F8943035
:1056700043F07F4343F47F0343F4004343F080034C
:105680009BB21380BB681B781946F86808F039FA9A
:10569000FB8803F48043002B21D1FB681B681A466A
:1056A000BB681B789B0013441B889BB223F4E04328
:1056B00023F07003A7F89230FB681B681A46BB689A
:1056C0001B789B001A44B7F8923043F07F4343F4B1
:1056D0007F0343F4404343F080039BB213800023D5
:1056E00013E1FB8803F48043002B21D1FB681B6886
:1056F0001A46BB681B789B0013441B889BB223F49B
:10570000E04323F07003A7F85630FB681B681A4685
:10571000BB681B789B001A44B7F8563043F07F43B0
:1057200043F47F0343F4404343F080039BB2138070
:10573000BB6893F82430012B40F0BE80BB685A69E7
:10574000B7F896301A44BB685A61BB68DA69B7F893
:1057500096301A44BB68DA61BB681A6ABB681B6979
:105760009A4209D3BB681B69BB65BB681A6ABB6DEB
:10577000D21ABB681A6215E0BB681B6A002B07D1FE
:10578000B7F89630BB65BB68002283F8242009E097
:10579000BB681B6ABB65BB6800221A62BB6800223B
:1057A00083F82420FB681B68FB65BB685B78002BD3
:1057B0005FD1FB681B68BB66FB681B68B3F85030A1
:1057C0009BB21A46BB6E1344BB66BB681B78DA00FB
:1057D000BB6E134403F206437B667B6E1B889BB251
:1057E000C3F309039AB27B6E1A80BB6D002B0AD1FA
:1057F0007B6E1B889BB26FEA43436FEA53439AB2B6
:105800007B6E1A804EE0BB6D3E2B16D8BB6D5B08DD
:105810003B66BB6D03F00103002B02D03B6E0133EE
:105820003B667B6E1B889AB23B6E9BB29B029BB21F
:1058300013439AB27B6E1A8034E0BB6D5B093B6602
:10584000BB6D03F01F03002B02D13B6E013B3B6697
:105850007B6E1B889AB23B6E9BB29B029BB213433A
:105860009BB26FEA43436FEA53439AB27B6E1A804E
:1058700018E0BB685B78012B14D1FB681B68B3F898
:1058800050309BB21A46FB6D1344FB65BB681B7816
:10589000DA00FB6D134403F20643FB66BB6D9AB25C
:1058A000FB6E1A80FB681868BB685969BB685A8927
:1058B000BB6D9BB206F037FAFB681B681A46BB68E3
:1058C0001B789B0013441B889BB223F4E04323F016
:1058D0004003FB82FB8A83F01003FB82FB8A83F088
:1058E0002003FB82FB681B681A46BB681B789B0081
:1058F0001A44FB8A43F07F4343F47F0343F400439D
:1059000043F080039BB21380002318469837BD46AE
:1059100080BD80B487B000AFF8607B600B467B81B0
:1059200013463B817B8903F080039BB2002B0BD095
:105930007B8903F0070213469B001344DB001033FE
:10594000FA6813447B6109E07A8913469B0013448B
:10595000DB0003F5A873FA6813447B613B89002BD5
:1059600007D17B6900221A737B689AB27B69DA805F
:105970000BE07B6901221A737B689AB27B691A81FA
:105980007B681B0C9AB27B695A81002318461C372E
:10599000BD465DF8047B704780B485B000AF786089
:1059A0007B681B68FB607B680122C3F8D0227B68A0
:1059B000002283F8C822FB68B3F854309BB243F04E
:1059C00001039AB2FB68A3F85420FB68B3F8543083
:1059D0009BB243F002039AB2FB68A3F85420002361
:1059E00018461437BD465DF8047B704780B485B017
:1059F00000AF78607B68002B41D14B4B1B6803F4F0
:105A0000C063B3F5806F31D1474BD3F88030464A3D
:105A100023F48073C2F88030434B1B6823F4C063C7
:105A2000414A43F400731360404B1B68322202FB6F
:105A300003F33F4AA2FB03239B0C0133FB6002E00C
:105A4000FB68013BFB60384B5B6903F48063B3F593
:105A5000806F02D1FB68002BF2D1334B5B6903F4FA
:105A60008063B3F5806F58D1032357E02E4BD3F8F2
:105A700080302D4A23F48073C2F880304DE07B687B
:105A8000B3F5007F41D1284B1B6803F4C063B3F525
:105A9000806F31D1244BD3F88030234A43F4807394
:105AA000C2F88030204B1B6823F4C0631E4A43F4C5
:105AB000007313601D4B1B68322202FB03F31C4A68
:105AC000A2FB03239B0C0133FB6002E0FB68013B5C
:105AD000FB60154B5B6903F48063B3F5806F02D103
:105AE000FB68002BF2D1104B5B6903F48063B3F5C4
:105AF000806F12D1032311E00B4BD3F880300A4A98
:105B000043F48073C2F8803007E0074B1B6823F42E
:105B1000C063054A43F480631360002318461437BA
:105B2000BD465DF8047B7047007000400400002013
:105B300083DE1B4380B400AF054B9B68044A43F4EB
:105B40008043936000BFBD465DF8047B704700BF93
:105B50000070004080B588B000AF78607B68002B93
:105B600001D10123FEE27B681B6803F00103002BD7
:105B700075D0974B9B6803F00C03BB61944BDB68BB
:105B800003F003037B61BB690C2B02D17B69032B00
:105B900002D0BB69082B0BD18D4B1B6803F400337B
:105BA000002B5BD07B685B68002B57D10123D9E2C7
:105BB0007B685B68B3F5803F06D1854B1B68844AE0
:105BC00043F4803313601DE07B685B68B3F5A02F5E
:105BD0000CD17F4B1B687E4A43F4802313607C4BBF
:105BE0001B687B4A43F4803313600BE0784B1B68DF
:105BF000774A23F480331360754B1B68744A23F48F
:105C0000802313607B685B68002B13D0FDF7CEFC0C
:105C1000386108E0FDF7CAFC02463B69D31A642BE1
:105C200001D903239EE26A4B1B6803F40033002B67
:105C3000F0D014E0FDF7BAFC386108E0FDF7B6FCDF
:105C400002463B69D31A642B01D903238AE2604BD5
:105C50001B6803F40033002BF0D100E000BF7B6829
:105C60001B6803F00203002B75D0594B9B6803F0AF
:105C70000C03BB61564BDB6803F003037B61BB691C
:105C80000C2B02D17B69022B02D0BB69042B1FD1E4
:105C90004F4B1B6803F48063002B05D07B68DB68E7
:105CA000002B01D101235DE2494B5B6823F0FE42EA
:105CB0007B681B691B06464913434B60454B1B68B9
:105CC0001846FDF727FC0346002B43D0012349E289
:105CD0007B68DB68002B23D03D4B1B683C4A43F4B8
:105CE00080731360FDF762FC386108E0FDF75EFC2D
:105CF00002463B69D31A022B01D9032332E2344B0B
:105D00001B6803F48063002BF0D0314B5B6823F0F9
:105D1000FE427B681B691B062D4913434B601AE04A
:105D20002B4B1B682A4A23F480731360FDF73EFC5B
:105D3000386108E0FDF73AFC02463B69D31A022BB2
:105D400001D903230EE2224B1B6803F48063002B6E
:105D5000F0D100E000BF7B681B6803F00803002B54
:105D600041D07B685B69002B1CD0194BD3F8943071
:105D7000174A43F00103C2F89430FDF717FC38616D
:105D800008E0FDF713FC02463B69D31A022B01D948
:105D90000323E7E10E4BD3F8943003F00203002B0A
:105DA000EFD020E00A4BD3F89430094A23F00103E6
:105DB000C2F89430FDF7FAFB38610DE0FDF7F6FB11
:105DC00002463B69D31A022B06D90323CAE100BF5E
:105DD00000100240080000208C4BD3F8943003F0F0
:105DE0000203002BEAD17B681B6803F00403002B3D
:105DF00000F0A6800023FB77844B9B6D03F080535B
:105E0000002B01D1012300E00023002B0DD07F4B9C
:105E10009B6D7E4A43F0805393657C4B9B6D03F0F2
:105E20008053FB60FB680123FB77794B1B6803F40D
:105E30008073002B18D1764B1B68754A43F480732E
:105E40001360FDF7B3FB386108E0FDF7AFFB0246D6
:105E50003B69D31A022B01D9032383E16C4B1B68E6
:105E600003F48073002BF0D07B689B68012B08D172
:105E7000664BD3F89030654A43F00103C2F8903086
:105E800024E07B689B68052B10D1604BD3F89030E1
:105E90005E4A43F00403C2F890305C4BD3F8903074
:105EA0005A4A43F00103C2F890300FE0574BD3F841
:105EB0009030564A23F00103C2F89030534BD3F888
:105EC0009030524A23F00403C2F890307B689B68FC
:105ED000002B16D0FDF76AFB38610AE0FDF766FB80
:105EE00002463B69D31A41F28832934201D9032317
:105EF00038E1464BD3F8903003F00203002BEDD08D
:105F000015E0FDF753FB38610AE0FDF74FFB024651
:105F10003B69D31A41F28832934201D9032321E12C
:105F20003A4BD3F8903003F00203002BEDD1FB7F06
:105F3000012B05D1354B9B6D344A23F0805393657B
:105F40007B681B6803F02003002B3CD07B689B69B7
:105F5000002B1CD02D4BD3F898302C4A43F0010372
:105F6000C2F89830FDF722FB386108E0FDF71EFB10
:105F700002463B69D31A022B01D90323F2E0234BDB
:105F8000D3F8983003F00203002BEFD01BE01F4B37
:105F9000D3F898301D4A23F00103C2F89830FDF77A
:105FA00005FB386108E0FDF701FB02463B69D31AA7
:105FB000022B01D90323D5E0144BD3F8983003F01A
:105FC0000203002BEFD17B68DB69002B00F0C98056
:105FD0000E4B9B6803F00C030C2B00F083807B6856
:105FE000DB69022B5ED1094B1B68084A23F08073E2
:105FF0001360FDF7DBFA38610CE0FDF7D7FA0246D3
:106000003B69D31A022B05D90323ABE000100240F1
:1060100000700040554B1B6803F00073002BECD15F
:10602000524BDA68524B13407A68116A7A68526AA6
:10603000013A120111437A68926A120211437A6896
:10604000126B5208013A520511437A68526B52089A
:10605000013A520611437A68D26AD2060A4343498A
:106060001343CB60414B1B68404A43F0807313607D
:106070003E4BDB683D4A43F08073D360FDF796FAF0
:10608000386108E0FDF792FA02463B69D31A022B09
:1060900001D9032366E0354B1B6803F00073002B26
:1060A000F0D05EE0314B1B68304A23F08073136000
:1060B000FDF77CFA386108E0FDF778FA02463B69A3
:1060C000D31A022B01D903234CE0284B1B6803F0A1
:1060D0000073002BF0D1254BDA682449254B13407F
:1060E000CB603EE07B68DB69012B01D1012339E005
:1060F0001E4BDB687B617B6903F003027B681B6AD4
:106100009A422CD17B6903F0F0027B685B6A013B09
:106110001B019A4223D17B6903F4FE427B689B6A90
:106120001B029A421BD17B6903F078427B68DB6AD1
:10613000DB069A4213D17B6903F4C0027B681B6BB8
:106140005B08013B5B059A4209D17B6903F0C062A1
:106150007B685B6B5B08013B5B069A4201D00123C5
:1061600000E0002318462037BD4680BD00100240E5
:106170000C809F01FCFFEEFE80B586B000AF78601A
:10618000396000237B617B68002B01D101231EE174
:10619000914B1B6803F00F033A689A4210D98E4B5B
:1061A0001B6823F00F028C493B6813430B608A4B3A
:1061B0001B6803F00F033A689A4201D0012306E1FD
:1061C0007B681B6803F00103002B73D07B685B685E
:1061D000032B29D1814B1B6803F00073002B01D1E5
:1061E0000123F4E000F09EF938613B697C4A934258
:1061F0003FD97A4B9B6803F0F003002B09D07B68F2
:106200001B6803F00203002B33D07B689B68002BD4
:106210002FD1724B9B6823F0F003704A43F0800348
:10622000936080237B6124E07B685B68022B07D14D
:106230006A4B1B6803F40033002B09D10123C6E02D
:10624000664B1B6803F48063002B01D10123BEE081
:1062500000F0CEF838613B69614A934209D95F4B3F
:106260009B6823F0F0035D4A43F080039360802332
:106270007B615A4B9B6823F003027B685B6857493C
:1062800013438B60FDF792F9F8600AE0FDF78EF991
:106290000246FB68D31A41F28832934201D90323A4
:1062A00095E04E4B9B6803F00C027B685B689B009B
:1062B0009A42EBD17B681B6803F00203002B23D0CA
:1062C0007B681B6803F00403002B05D0434B9B68DD
:1062D000424A43F4E06393607B681B6803F0080361
:1062E000002B07D03D4B9B6823F47C533B4A43F47F
:1062F000E0639360394B9B6823F0F0027B689B68F6
:10630000364913438B6008E07B69802B05D1334B02
:106310009B68324A23F0F00393602F4B1B6803F015
:106320000F033A689A421DD22B4B1B6823F00F02D1
:1063300029493B6813430B60FDF738F9F8600AE020
:10634000FDF734F90246FB68D31A41F288329342D2
:1063500001D903233BE0204B1B6803F00F033A688D
:106360009A42EDD17B681B6803F00403002B08D030
:106370001A4B9B6823F4E0627B68DB681749134380
:106380008B607B681B6803F00803002B09D0134B5C
:106390009B6823F460527B681B69DB000F49134341
:1063A0008B6000F025F802460C4B9B681B0903F03C
:1063B0000F030C49CB5C03F01F0322FA03F30A4AD4
:1063C00013600A4B1B681846FDF7A4F803461846ED
:1063D0001837BD4680BD00BF0020024000100240BB
:1063E00000B4C404302D010804000020080000207F
:1063F00080B487B000AF2C4B9B6803F00C03042BD8
:1064000002D12A4B3B6147E0274B9B6803F00C030A
:10641000082B02D1264B3B613EE0234B9B6803F0E7
:106420000C030C2B36D1204BDB6803F00303FB601D
:106430001D4BDB681B0903F00F030133BB60FB68D6
:10644000032B0CD11A4ABB68B2FBF3F3164AD2688D
:10645000120A02F07F0202FB03F37B610CE0134A95
:10646000BB68B2FBF3F3104AD268120A02F07F0253
:1064700002FB03F37B6100BF0B4BDB685B0E03F099
:10648000030301335B007B607A697B68B2FBF3F343
:106490003B6101E000233B613B6918461C37BD4668
:1064A0005DF8047B704700BF001002400024F40038
:1064B00000366E0180B400AF034B1B681846BD4622
:1064C0005DF8047B704700BF0400002080B500AF7A
:1064D000FFF7F0FF0246064B9B681B0A03F0070319
:1064E0000449CB5C03F01F0322FA03F3184680BD76
:1064F00000100240402D010880B500AFFFF7DAFF21
:106500000246064B9B68DB0A03F007030449CB5C99
:1065100003F01F0322FA03F3184680BD0010024067
:10652000402D010880B487B000AF1E4BDB6803F03C
:1065300003033B611B4BDB681B0903F00F030133B3
:10654000FB603B69032B0CD1174AFB68B2FBF3F3EA
:10655000144AD268120A02F07F0202FB03F37B6145
:106560000CE0124AFB68B2FBF3F30E4AD268120A3F
:1065700002F07F0202FB03F37B6100BF094BDB6883
:106580005B0E03F0030301335B00BB607A69BB68F9
:10659000B2FBF3F37B607B6818461C37BD465DF8A1
:1065A000047B70470010024000366E010024F400A6
:1065B00080B586B000AF78600023FB740023BB7405
:1065C0007B681B6803F40023002B00F098800023F5
:1065D0007B74434B9B6D03F08053002B0DD1404BDC
:1065E0009B6D3F4A43F0805393653D4B9B6D03F099
:1065F0008053BB60BB6801237B743A4B1B68394AEC
:1066000043F480731360FCF7D1FFF86009E0FCF7F6
:10661000CDFF0246FB68D31A022B02D90323FB7479
:1066200005E0304B1B6803F48073002BEFD0FB7C3C
:10663000002B59D12A4BD3F8903003F440737B617F
:106640007B69002B1ED07B681B6D7A699A4219D03A
:10665000234BD3F8903023F440737B61204BD3F865
:1066600090301F4A43F48033C2F890301C4BD3F86B
:1066700090301B4A23F48033C2F89030184A7B696B
:10668000C2F890307B6903F00103002B16D0FCF7B1
:106690008DFFF8600BE0FCF789FF0246FB68D31A18
:1066A00041F28832934202D90323FB7406E00C4B7B
:1066B000D3F8903003F00203002BECD0FB7C002BCE
:1066C0000BD1074BD3F8903023F440727B681B6DDD
:1066D00003491343C1F8903008E0FB7CBB7405E02C
:1066E0000010024000700040FB7CBB747B7C012BDF
:1066F00005D1A74B9B6DA64A23F0805393657B6819
:106700001B6803F00103002B0AD0A14BD3F888309B
:1067100023F003027B685B689D491343C1F888300E
:106720007B681B6803F00203002B0AD0984BD3F858
:10673000883023F00C027B689B6895491343C1F8AD
:1067400088307B681B6803F00403002B0AD0904B51
:10675000D3F8883023F030027B68DB688C49134320
:10676000C1F888307B681B6803F00803002B0AD04F
:10677000874BD3F8883023F0C0027B681B698449BB
:106780001343C1F888307B681B6803F01003002BAB
:106790000AD07F4BD3F8883023F440727B685B6962
:1067A0007B491343C1F888307B681B6803F02003E2
:1067B000002B0AD0764BD3F8883023F440627B68F4
:1067C0009B6973491343C1F888307B681B6803F0E9
:1067D0004003002B0AD06E4BD3F8883023F440528C
:1067E0007B68DB696A491343C1F888307B681B68A2
:1067F00003F08003002B0AD0654BD3F8883023F4D4
:1068000040427B681B6A62491343C1F888307B6849
:106810001B6803F48073002B0AD05D4BD3F88830DB
:1068200023F440327B685B6A59491343C1F88830CE
:106830007B681B6803F40033002B0AD0544BD3F859
:106840009C3023F003027B689B6A51491343C1F8D3
:106850009C307B681B6803F40073002B0AD04C4B00
:10686000D3F8883023F440227B68DB6A484913431D
:10687000C1F888307B681B6803F48063002B15D057
:10688000434BD3F8883023F440127B681B6B40499C
:106890001343C1F888307B681B6BB3F5801F05D1AB
:1068A0003B4BDB683A4A43F48013D3607B681B6838
:1068B00003F40063002B15D0354BD3F8883023F454
:1068C00040027B685B6B32491343C1F888307B68B8
:1068D0005B6BB3F5800F05D12D4BDB682C4A43F47D
:1068E0008013D3607B681B6803F48053002B15D0A2
:1068F000274BD3F8883023F040727B689B6B244988
:106900001343C1F888307B689B6BB3F1807F05D15E
:106910001F4BDB681E4A43F48013D3607B681B68FF
:1069200003F40053002B15D0194BD3F8883023F013
:1069300040627B68DB6B16491343C1F888307B6883
:10694000DB6BB3F1006F05D1114BDB68104A43F4E8
:106950008013D3607B681B6803F48043002B19D03D
:106960000B4BD3F8883023F040627B681B6C0849DE
:106970001343C1F888307B681B6CB3F1006F09D1F9
:10698000034BDB68024A43F48013D36002E000BF8C
:10699000001002407B681B6803F40043002B15D0F5
:1069A000294BD3F8883023F040527B685B6C264932
:1069B0001343C1F888307B685B6CB3F1805F05D10D
:1069C000214BDB68204A43F48033D3607B681B682B
:1069D00003F48033002B15D01B4BD3F8883023F001
:1069E00040427B689B6C18491343C1F888307B6830
:1069F0009B6CB3F1804F05D1134BDB68124A43F413
:106A00008033D3607B681B6803F48023002B15D090
:106A10000D4BD3F89C3023F440127B68DB6C0A49A1
:106A20001343C1F89C307B68DB6CB3F5001F05D1C4
:106A3000054BDB68044A43F48013D360BB7C1846E3
:106A40001837BD4680BD00BF0010024080B584B03D
:106A500000AF78607B68002B01D101239DE07B684B
:106A60005B6A002B08D17B685B68B3F5827F09D035
:106A70007B680022DA6105E07B6800221A617B688E
:106A800000225A617B6800229A627B6893F85D302D
:106A9000DBB2002B06D17B68002283F85C2078688B
:106AA000FCF7BCF97B68022283F85D207B681B68D9
:106AB0001A687B681B6822F040021A607B68DB68FA
:106AC000B3F5E06F02D90023FB6002E04FF480537E
:106AD000FB607B68DB68B3F5706F07D07B68DB68B1
:106AE000B3F5E06F02D07B6800229A627B685B6836
:106AF00003F482727B689B6803F404431A437B6847
:106B00001B6903F002031A437B685B6903F001030E
:106B10001A437B689B6903F400731A437B68DB6943
:106B200003F038031A437B681B6A03F0800342EAD0
:106B300003017B689B6A03F400527B681B680A436D
:106B40001A607B689B691B0C03F004027B685B6A1C
:106B500003F010031A437B685B6B03F008031A43CE
:106B60007B68DB6803F4706342EA0301FB6803F4AB
:106B700080527B681B680A435A607B681B68DA692D
:106B80007B681B6822F40062DA617B6800221A6667
:106B90007B68012283F85D20002318461037BD462C
:106BA00080BD80B588B000AFF860B9603B60134627
:106BB000FB80FCF7FBFCF861FB887B83FB6893F8A8
:106BC0005D30DBB2012B01D002235CE1BB68002BFE
:106BD00002D0FB88002B01D1012354E1FB6893F81C
:106BE0005C30012B01D102234DE1FB68012283F8C7
:106BF0005C20FB68032283F85D20FB6800221A6694
:106C0000FB68BA689A63FB68FA889A87FB68FA8817
:106C1000DA87FB6800221A64FB680022A3F844208C
:106C2000FB680022A3F84620FB6800221A65FB6877
:106C30000022DA64FB689B68B3F5004F0FD1FB6854
:106C40001B681A68FB681B6822F040021A60FB6828
:106C50001B681A68FB681B6842F480421A60FB6874
:106C60001B681B6803F04003402B07D0FB681B68C0
:106C70001A68FB681B6842F040021A60FB68DB6818
:106C8000B3F5E06F52D9FB685B68002B02D07B8BB9
:106C9000012B45D1FB689B6B1A88FB681B68DA6087
:106CA000FB689B6B9A1CFB689A63FB68DB8F9BB24B
:106CB000013B9AB2FB68DA8732E0FB681B689B688D
:106CC00003F00203022B12D1FB689B6B1A88FB684E
:106CD0001B68DA60FB689B6B9A1CFB689A63FB6815
:106CE000DB8F9BB2013B9AB2FB68DA8718E0FCF7B6
:106CF0005DFC0246FB69D31A3A689A4203D83B68A6
:106D0000B3F1FF3F02D13B68002B09D1FB680122A0
:106D100083F85D20FB68002283F85C200323B2E047
:106D2000FB68DB8F9BB2002BC7D183E0FB685B68FD
:106D3000002B02D07B8B012B77D1FB68DB8F9BB2C2
:106D4000012B12D9FB689B6B1A88FB681B68DA6001
:106D5000FB689B6B9A1CFB689A63FB68DB8F9BB29A
:106D6000023B9AB2FB68DA875FE0FB689A6BFB68CC
:106D70001B680C3312781A70FB689B6B5A1CFB68FB
:106D80009A63FB68DB8F9BB2013B9AB2FB68DA87A0
:106D90004BE0FB681B689B6803F00203022B2BD1BE
:106DA000FB68DB8F9BB2012B12D9FB689B6B1A88A7
:106DB000FB681B68DA60FB689B6B9A1CFB689A6334
:106DC000FB68DB8F9BB2023B9AB2FB68DA872CE050
:106DD000FB689A6BFB681B680C3312781A70FB68AF
:106DE0009B6B5A1CFB689A63FB68DB8F9BB2013B71
:106DF0009AB2FB68DA8718E0FCF7D8FB0246FB6919
:106E0000D31A3A689A4203D83B68B3F1FF3F02D1E4
:106E10003B68002B09D1FB68012283F85D20FB68E9
:106E2000002283F85C2003232DE0FB68DB8F9BB2FC
:106E3000002BAED1FA693968F86800F0F5FC03461A
:106E4000002B02D0FB6820221A66FB689B68002B8F
:106E50000AD100237B61FB681B68DB687B61FB68F0
:106E60001B689B687B617B69FB68012283F85D205E
:106E7000FB68002283F85C20FB681B6E002B01D0AE
:106E8000012300E0002318462037BD4680BD80B5B1
:106E900088B002AFF860B9603B601346FB80FB68C6
:106EA00093F85D30DBB2012B01D0022323E1BB68F4
:106EB000002B02D0FB88002B01D101231BE1FB68D2
:106EC0005B68B3F5827F12D1FB689B68002B0ED103
:106ED000FB68042283F85D20FA883B680093134620
:106EE000BA68B968F86800F00AF9034603E1FCF7EC
:106EF0005DFB7861FB6893F85C30012B01D10223C4
:106F0000F9E0FB68012283F85C20FB68042283F827
:106F10005D20FB6800221A66FB68BA681A64FB6889
:106F2000FA88A3F84420FB68FA88A3F84620FB6897
:106F300000229A63FB6800229A87FB680022DA87A6
:106F4000FB680022DA64FB6800221A65FB68DB68D4
:106F5000B3F5E06F08D9FB681B685A68FB681B68CB
:106F600022F480525A6007E0FB681B685A68FB688D
:106F70001B6842F480525A60FB689B68B3F5004F6F
:106F80000FD1FB681B681A68FB681B6822F040027F
:106F90001A60FB681B681A68FB681B6822F4804251
:106FA0001A60FB681B681B6803F04003402B07D086
:106FB000FB681B681A68FB681B6842F040021A6095
:106FC000FB68DB68B3F5E06F75D837E0FB681B68DA
:106FD0009B6803F00103012B17D1FB681B6803F1C9
:106FE0000C02FB681B6C1278D2B21A70FB681B6C27
:106FF0005A1CFB681A64FB68B3F846309BB2013B2D
:107000009AB2FB68A3F8462018E0FCF7CFFA0246D4
:107010007B69D31A3A689A4203D83B68B3F1FF3FC1
:1070200002D13B68002B09D1FB68012283F85D2067
:10703000FB68002283F85C2003235CE0FB68B3F864
:1070400046309BB2002BC1D13BE0FB681B689B68BC
:1070500003F00103012B15D1FB681B68DA68FB689C
:107060001B6C92B21A80FB681B6C9A1CFB681A643A
:10707000FB68B3F846309BB2013B9AB2FB68A3F8B9
:10708000462018E0FCF792FA02467B69D31A3A6868
:107090009A4203D83B68B3F1FF3F02D13B68002B13
:1070A00009D1FB68012283F85D20FB68002283F888
:1070B0005C2003231FE0FB68B3F846309BB2002B33
:1070C000C3D17A693968F86800F056FB0346002B93
:1070D00002D0FB6820221A66FB68012283F85D203B
:1070E000FB68002283F85C20FB681B6E002B01D03C
:1070F000012300E0002318461837BD4680BD80B547
:107100008AB000AFF860B9607A607B8001237B624F
:10711000FCF74CFA3862FB6893F85D30FB77FB684C
:107120005B68BB617B88FB827B88BB82FB7F012B1A
:107130000CD0BB69B3F5827F06D1FB689B68002B3E
:1071400002D1FB7F042B01D00223F3E1BB68002BAB
:1071500005D07B68002B02D07B88002B01D1012356
:10716000E8E1FB6893F85C30012B01D10223E1E1F7
:10717000FB68012283F85C20FB6893F85D30DBB28A
:10718000042B03D0FB68052283F85D20FB680022F6
:107190001A66FB687A681A64FB687A88A3F8462046
:1071A000FB687A88A3F84420FB68BA689A63FB6896
:1071B0007A88DA87FB687A889A87FB680022DA6423
:1071C000FB6800221A65FB68DB68B3F5E06F02D844
:1071D000BB8A012B08D9FB681B685A68FB681B68CF
:1071E00022F480525A6007E0FB681B685A68FB680B
:1071F0001B6842F480525A60FB681B681B6803F0EE
:107200004003402B07D0FB681B681A68FB681B68AB
:1072100042F040021A60FB68DB68B3F5E06F40F2B1
:107220008380FB685B68002B02D0FB8A012B6FD147
:10723000FB689B6B1A88FB681B68DA60FB689B6BBA
:107240009A1CFB689A63FB68DB8F9BB2013B9AB286
:10725000FB68DA875CE0FB681B689B6803F002034D
:10726000022B1BD1FB68DB8F9BB2002B16D07B6AF5
:10727000012B13D1FB689B6B1A88FB681B68DA60D3
:10728000FB689B6B9A1CFB689A63FB68DB8F9BB265
:10729000013B9AB2FB68DA8700237B62FB681B68BC
:1072A0009B6803F00103012B1CD1FB68B3F8463047
:1072B0009BB2002B16D0FB681B68DA68FB681B6C5E
:1072C00092B21A80FB681B6C9A1CFB681A64FB68FC
:1072D000B3F846309BB2013B9AB2FB68A3F8462054
:1072E00001237B62FCF762F902463B6AD31A3A6BD0
:1072F0009A420DD83B6BB3F1FF3F09D0FB680122E6
:1073000083F85D20FB68002283F85C20032311E1F1
:10731000FB68DB8F9BB2002B9DD1FB68B3F8463036
:107320009BB2002B97D1E5E0FB685B68002B03D094
:10733000FB8A012B40F0D180FB68DB8F9BB2012BD5
:1073400012D9FB689B6B1A88FB681B68DA60FB68C4
:107350009B6B9A1CFB689A63FB68DB8F9BB2023BBA
:107360009AB2FB68DA87B8E0FB689A6BFB681B6827
:107370000C3312781A70FB689B6B5A1CFB689A637B
:10738000FB68DB8F9BB2013B9AB2FB68DA87A4E013
:10739000FB681B689B6803F00203022B34D1FB6877
:1073A000DB8F9BB2002B2FD07B6A012B2CD1FB688B
:1073B000DB8F9BB2012B12D9FB689B6B1A88FB6891
:1073C0001B68DA60FB689B6B9A1CFB689A63FB681E
:1073D000DB8F9BB2023B9AB2FB68DA8712E0FB6854
:1073E0009A6BFB681B680C3312781A70FB689B6BF6
:1073F0005A1CFB689A63FB68DB8F9BB2013B9AB215
:10740000FB68DA8700237B62FB681B689B6803F0DC
:107410000103012B48D1FB68B3F846309BB2002B27
:1074200042D0FB68B3F846309BB2012B23D9FB68EE
:107430001B68DA68FB681B6C92B21A80FB681B6CD5
:107440009A1CFB681A64FB68B3F846309BB2023B97
:107450009AB2FB68A3F84620FB68B3F846309BB2AB
:10746000012B1FD8FB681B685A68FB681B6842F435
:1074700080525A6016E0FB681B6803F10C02FB683F
:107480001B6C1278D2B21A70FB681B6C5A1CFB681A
:107490001A64FB68B3F846309BB2013B9AB2FB68B2
:1074A000A3F8462001237B62FCF780F802463B6A82
:1074B000D31A3A6B9A4203D83B6BB3F1FF3F02D128
:1074C0003B6B002B09D1FB68012283F85D20FB6830
:1074D000002283F85C2003232CE0FB68DB8F9BB247
:1074E000002B7FF455AFFB68B3F846309BB2002BFE
:1074F0007FF44EAF3A6A396BF86800F095F90346AD
:10750000002B08D0FB6820221A66FB68002283F853
:107510005C2001230EE0FB68012283F85D20FB68FC
:10752000002283F85C20FB681B6E002B01D0012336
:1075300000E0002318462837BD4680BD80B588B0DE
:1075400000AFF860B9603B601346FB71FCF72EF8A2
:107550000246BB6A9B1A3A681344FB61FCF726F8A3
:10756000B861394B1B685B011B0DFA6902FB03F321
:107570007B6155E03B68B3F1FF3F51D0FCF716F853
:107580000246BB69D31AFA699A4202D9FB69002BF9
:107590003DD1FB681B685A68FB681B6822F0E0025B
:1075A0005A60FB685B68B3F5827F11D1FB689B680A
:1075B000B3F5004F04D0FB689B68B3F5806F07D12B
:1075C000FB681B681A68FB681B6822F040021A609F
:1075D000FB689B6AB3F5005F0FD1FB681B681A68F4
:1075E000FB681B6822F400521A60FB681B681A686B
:1075F000FB681B6842F400521A60FB68012283F8A2
:107600005D20FB68002283F85C20032318E07B697F
:10761000002B02D10023FB6102E07B69013B7B610F
:10762000FB681B689A68BB681340BA689A420CBF33
:1076300001230023DBB21A46FB799A429AD1002338
:1076400018462037BD4680BD0400002080B58AB0B2
:1076500000AFF860B9607A603B600023FB75FBF710
:10766000A5FF02463B6B9B1A3A6813447B62FBF70B
:107670009DFF3862FB681B680C33FB613D4B1A6849
:1076800013469B001344DA00D31A1B0D7A6A02FBDF
:1076900003F3BB6161E0BB68B3F5C06F07D17B68E2
:1076A000002B04D1FB691B78DBB2FB75FB7D3B68CB
:1076B000B3F1FF3F51D0FBF779FF02463B6AD31A83
:1076C0007A6A9A4202D97B6A002B3DD1FB681B681B
:1076D0005A68FB681B6822F0E0025A60FB685B682E
:1076E000B3F5827F11D1FB689B68B3F5004F04D0DE
:1076F000FB689B68B3F5806F07D1FB681B681A684D
:10770000FB681B6822F040021A60FB689B6AB3F5B5
:10771000005F0FD1FB681B681A68FB681B6822F4C6
:1077200000521A60FB681B681A68FB681B6842F409
:1077300000521A60FB68012283F85D20FB6800227A
:1077400083F85C20032311E0BB69002B02D10023E6
:107750007B6202E0BB69013BBB61FB681B689A6806
:10776000BB6813407A689A4295D10023184628379F
:10777000BD4680BD0400002080B586B002AFF86031
:10778000B9607A60FB685B68B3F5827F11D1FB68F2
:107790009B68B3F5004F04D0FB689B68B3F5806F1E
:1077A00007D1FB681B681A68FB681B6822F040025F
:1077B0001A607B680093BB6800228021F868FFF79D
:1077C000BDFE0346002B07D0FB681B6E43F0200272
:1077D000FB681A66032323E0FB685B68B3F5827FCE
:1077E0001DD1FB689B68B3F5004F04D0FB689B6814
:1077F000B3F5806F13D17B680093BB6800224FF410
:10780000C061F868FFF722FF0346002B07D0FB6832
:107810001B6E43F02002FB681A66032300E000237E
:1078200018461037BD4680BD80B586B002AFF860FF
:10783000B9607A607B680093BB6800224FF4C05146
:10784000F868FFF703FF0346002B07D0FB681B6EA9
:1078500043F02002FB681A66032327E07B6800934D
:10786000BB6800228021F868FFF768FE0346002B02
:1078700007D0FB681B6E43F02002FB681A660323E7
:1078800014E07B680093BB6800224FF4C061F86885
:10789000FFF7DCFE0346002B07D0FB681B6E43F0AE
:1078A0002002FB681A66032300E000231846103705
:1078B000BD4680BD80B582B000AF78607B68002B8C
:1078C00001D1012349E07B6893F83D30DBB2002B06
:1078D00006D17B68002283F83C207868FBF744FBE4
:1078E0007B68022283F83D207B681A687B6804333A
:1078F0001946104600F0D2FB7B68012283F848202D
:107900007B68012283F83E207B68012283F83F20B8
:107910007B68012283F840207B68012283F84120A4
:107920007B68012283F842207B68012283F8432090
:107930007B68012283F844207B68012283F845207C
:107940007B68012283F846207B68012283F8472068
:107950007B68012283F83D20002318460837BD4686
:1079600080BD80B582B000AF78607B68002B01D10C
:10797000012349E07B6893F83D30DBB2002B06D150
:107980007B68002283F83C20786800F041F87B682F
:10799000022283F83D207B681A687B68043319460D
:1079A000104600F07BFB7B68012283F848207B684F
:1079B000012283F83E207B68012283F83F207B6808
:1079C000012283F840207B68012283F841207B68F4
:1079D000012283F842207B68012283F843207B68E0
:1079E000012283F844207B68012283F845207B68CC
:1079F000012283F846207B68012283F847207B68B8
:107A0000012283F83D20002318460837BD4680BD7B
:107A100080B483B000AF786000BF0C37BD465DF81E
:107A2000047B704780B584B000AF786039603B68F4
:107A3000002B09D17B6893F83E30DBB2012B14BFD9
:107A400001230023DBB23CE03B68042B09D17B68B7
:107A500093F83F30DBB2012B14BF01230023DBB2CC
:107A60002FE03B68082B09D17B6893F84030DBB2EC
:107A7000012B14BF01230023DBB222E03B680C2B57
:107A800009D17B6893F84130DBB2012B14BF01238D
:107A90000023DBB215E03B68102B09D17B6893F81B
:107AA0004230DBB2012B14BF01230023DBB208E01C
:107AB0007B6893F84330DBB2012B14BF0123002312
:107AC000DBB2002B01D00123A6E03B68002B04D1E0
:107AD0007B68022283F83E2023E03B68042B04D11C
:107AE0007B68022283F83F201BE03B68082B04D10F
:107AF0007B68022283F8402013E03B680C2B04D102
:107B00007B68022283F841200BE03B68102B04D1F4
:107B10007B68022283F8422003E07B68022283F81C
:107B200043207B681B6801223968184600F075FF06
:107B30007B681B683A4A934218D07B681B68394AB5
:107B4000934213D07B681B68374A93420ED07B6800
:107B50001B68364A934209D07B681B68344A9342BB
:107B600004D07B681B68334A934201D1012300E0B3
:107B70000023002B07D07B681B685A6C7B681B684E
:107B800042F400425A647B681B68254A934222D023
:107B90007B681B68B3F1804F1DD07B681B68264A49
:107BA000934218D07B681B68244A934213D07B68A9
:107BB0001B68234A93420ED07B681B68194A934284
:107BC00009D07B681B68184A934204D07B681B6805
:107BD000184A934215D17B681B689A68194B134069
:107BE000FB60FB68062B15D0FB68B3F5803F11D016
:107BF0007B681B681A687B681B6842F001021A6088
:107C000008E07B681B681A687B681B6842F0010209
:107C10001A6000E000BF002318461037BD4680BD43
:107C2000002C01400034014000400140004401406C
:107C3000004801400050014000040040000800409E
:107C4000000C00400700010080B586B000AFF8606E
:107C5000B9607A600023FB75FB6893F83C30012B18
:107C600001D10223FFE0FB68012283F83C207B68FE
:107C7000142B00F2F08001A252F823F0D17C00080E
:107C8000577E0008577E0008577E0008117D0008C7
:107C9000577E0008577E0008577E0008537D000875
:107CA000577E0008577E0008577E0008937D000825
:107CB000577E0008577E0008577E0008D57D0008D3
:107CC000577E0008577E0008577E0008157E000882
:107CD000FB681B68B968184600F08EFAFB681B68E1
:107CE0009A69FB681B6842F008029A61FB681B688E
:107CF0009A69FB681B6822F004029A61FB681B68A2
:107D00009969BB681A69FB681B680A439A61A5E018
:107D1000FB681B68B968184600F00AFBFB681B6823
:107D20009A69FB681B6842F400629A61FB681B68F1
:107D30009A69FB681B6822F480629A61FB681B6881
:107D40009969BB681B691A02FB681B680A439A6140
:107D500084E0FB681B68B968184600F07FFBFB688D
:107D60001B68DA69FB681B6842F00802DA61FB688D
:107D70001B68DA69FB681B6822F00402DA61FB68A1
:107D80001B68D969BB681A69FB681B680A43DA611A
:107D900064E0FB681B68B968184600F0F3FBFB68F9
:107DA0001B68DA69FB681B6842F40062DA61FB68F1
:107DB0001B68DA69FB681B6822F48062DA61FB6881
:107DC0001B68D969BB681B691A02FB681B680A43F8
:107DD000DA6143E0FB681B68B968184600F068FC8C
:107DE000FB681B681A6DFB681B6842F008021A6585
:107DF000FB681B681A6DFB681B6822F004021A6599
:107E0000FB681B68196DBB681A69FB681B680A432D
:107E10001A6523E0FB681B68B968184600F0B2FCDD
:107E2000FB681B681A6DFB681B6842F400621A65E8
:107E3000FB681B681A6DFB681B6822F480621A6578
:107E4000FB681B68196DBB681B691A02FB681B681D
:107E50000A431A6502E00123FB7500BFFB6800229C
:107E600083F83C20FB7D18461837BD4680BD00BF17
:107E700080B584B000AF786039600023FB737B6805
:107E800093F83C30012B01D10223F6E07B680122FC
:107E900083F83C207B68022283F83D207B681B68C6
:107EA0009B68BB60BB6823F4441323F07703BB607B
:107EB000BB6823F47F43BB607B681B68BA689A6029
:107EC0003B681B686F4A934200F0C1806D4A934241
:107ED00000F2C6806C4A934200F0B9806A4A93422D
:107EE00000F2BE80694A934200F0B180674A934233
:107EF00000F2B680664A934200F0A980644A934239
:107F000000F2AE80634A934200F0A180614A93423E
:107F100000F2A680604A934200F099805E4A934244
:107F200000F29E80B3F1101F00F09180B3F1101F9A
:107F300000F29680B3F5801F00F08980B3F5801FB2
:107F400000F28E80B3F5005F3ED0B3F5005F00F223
:107F50008780B3F5805F00F08680B3F5805F7FD8BF
:107F6000702B1AD0702B7BD8602B50D0602B77D819
:107F7000502B3CD0502B73D8402B58D0402B6FD86F
:107F8000302B64D0302B6BD8202B60D0202B67D8BF
:107F9000002B5CD0102B5AD062E07B6818683B68DD
:107FA00099683B685A683B68DB6800F016FD7B689F
:107FB0001B689B68BB60BB6843F07703BB607B6852
:107FC0001B68BA689A604FE07B6818683B689968DC
:107FD0003B685A683B68DB6800F0FFFC7B681B6805
:107FE0009A687B681B6842F480429A603CE07B6838
:107FF00018683B6859683B68DB681A4600F02EFC3D
:108000007B681B685021184600F0CAFC2CE07B6896
:1080100018683B6859683B68DB681A4600F078FCD2
:108020007B681B686021184600F0BAFC1CE07B6886
:1080300018683B6859683B68DB681A4600F00EFC1C
:108040007B681B684021184600F0AAFC0CE07B68A6
:108050001A683B681B681946104600F0A1FC03E053
:108060000123FB7300E000BF7B68012283F83D2001
:108070007B68002283F83C20FB7B18461037BD4606
:1080800080BD00BF700010006000100050001000A4
:1080900040001000300010002000100080B485B0B7
:1080A00000AF786039607B681B68FB607B68494A79
:1080B000934217D07B68B3F1804F13D07B68464A58
:1080C00093420FD07B68454A93420BD07B68444A69
:1080D000934207D07B68434A934203D07B68424A6D
:1080E000934208D1FB6823F07003FB603B685B6838
:1080F000FA681343FB607B68364A934223D07B685F
:10810000B3F1804F1FD07B68334A93421BD07B680A
:10811000324A934217D07B68314A934213D07B682E
:10812000304A93420FD07B68304A93420BD07B6831
:108130002F4A934207D07B682E4A934203D07B6834
:10814000294A934208D1FB6823F44073FB603B68E3
:10815000DB68FA681343FB60FB6823F080023B682E
:108160005B691343FB603B689A687B68DA623B6833
:108170001A687B689A627B68164A934213D07B68C0
:10818000184A93420FD07B68184A93420BD07B6801
:10819000174A934207D07B68164A934203D07B6804
:1081A000114A934203D13B681A697B681A637B6862
:1081B0001B6843F004027B681A607B6801225A61E5
:1081C0007B68FA681A6000BF1437BD465DF8047B0F
:1081D000704700BF002C0140000400400008004030
:1081E000000C0040003401400050014000400140BC
:1081F000004401400048014080B487B000AF78607F
:1082000039607B681B6A7B617B681B6A23F0010213
:108210007B681A627B685B683B617B689B69FB607B
:10822000FB6823F4803323F07003FB60FB6823F0CA
:108230000303FB603B681B68FA681343FB607B69C0
:1082400023F002037B613B689B687A6913437B617F
:108250007B68314A934213D07B68304A93420FD0F7
:108260007B682F4A93420BD07B682E4A934207D0FB
:108270007B682D4A934203D07B682C4A93420ED1EF
:108280007B681B6A23F004027B681A627B6923F017
:1082900008037B613B68DB687A6913437B617B6819
:1082A0001D4A934213D07B681C4A93420FD07B68CF
:1082B0001B4A93420BD07B681A4A934207D07B68D3
:1082C000194A934203D07B68184A934211D13B6903
:1082D00023F480733B613B6923F400733B613B688B
:1082E0005B693A6913433B613B689B693A69134395
:1082F0003B617B683A695A607B68FA689A613B68BF
:108300005A687B685A637B687A691A6200BF1C37B7
:10831000BD465DF8047B7047002C014000340140ED
:10832000004001400044014000480140005001402D
:1083300080B487B000AF786039607B681B6A7B616E
:108340007B681B6A23F010027B681A627B685B689B
:108350003B617B689B69FB60FB6823F0807323F4BF
:10836000E043FB60FB6823F44073FB603B681B68E1
:108370001B02FA681343FB607B6923F020037B61D7
:108380003B689B681B017A6913437B617B682D4ABC
:10839000934207D07B682C4A934203D07B682B4AD8
:1083A00093420FD17B681B6A23F040027B681A62FC
:1083B0007B6923F080037B613B68DB681B017A6982
:1083C00013437B617B681F4A934213D07B681E4A2C
:1083D00093420FD07B681E4A93420BD07B681D4AA4
:1083E000934207D07B681C4A934203D07B68174AAC
:1083F000934213D13B6923F480633B613B6923F4CF
:1084000000633B613B685B699B003A6913433B61D6
:108410003B689B699B003A6913433B617B683A69FF
:108420005A607B68FA689A613B685A687B689A630D
:108430007B687A691A6200BF1C37BD465DF8047B11
:10844000704700BF002C0140003401400050014043
:1084500000400140004401400048014080B487B022
:1084600000AF786039607B681B6A7B617B681B6A40
:1084700023F480727B681A627B685B683B617B686F
:10848000DB69FB60FB6823F4803323F07003FB603F
:10849000FB6823F00303FB603B681B68FA68134327
:1084A000FB607B6923F400737B613B689B681B0264
:1084B0007A6913437B617B682C4A934207D07B68BF
:1084C0002B4A934203D07B682A4A93420FD17B68A0
:1084D0001B6A23F480627B681A627B6923F4006361
:1084E0007B613B68DB681B027A6913437B617B68B5
:1084F0001E4A934213D07B681D4A93420FD07B687B
:108500001D4A93420BD07B681C4A934207D07B687C
:108510001B4A934203D07B68164A934213D13B69AE
:1085200023F480533B613B6923F400533B613B6878
:108530005B691B013A6913433B613B689B691B0103
:108540003A6913433B617B683A695A607B68FA6811
:10855000DA613B685A687B68DA637B687A691A6219
:1085600000BF1C37BD465DF8047B7047002C0140FE
:1085700000340140005001400040014000440140EF
:108580000048014080B487B000AF786039607B68F4
:108590001B6A7B617B681B6A23F480527B681A62CA
:1085A0007B685B683B617B68DB69FB60FB6823F091
:1085B000807323F4E043FB60FB6823F44073FB60AB
:1085C0003B681B681B02FA681343FB607B6923F45A
:1085D00000537B613B689B681B037A6913437B6193
:1085E0007B682D4A934207D07B682C4A934203D084
:1085F0007B682B4A93420FD17B681B6A23F480422D
:108600007B681A627B6923F400437B613B68DB680B
:108610001B037A6913437B617B681F4A934213D023
:108620007B681E4A93420FD07B681E4A93420BD050
:108630007B681D4A934207D07B681C4A934203D053
:108640007B68174A934213D13B6923F480433B6113
:108650003B6923F400433B613B685B699B013A69DA
:1086600013433B613B689B699B013A6913433B6140
:108670007B683A695A607B68FA68DA613B685A68D5
:108680007B681A647B687A691A6200BF1C37BD4632
:108690005DF8047B704700BF002C014000340140AE
:1086A00000500140004001400044014000480140AA
:1086B00080B487B000AF786039607B681B6A3B612B
:1086C0007B681B6A23F480327B681A627B685B6874
:1086D0007B617B681B6DFB60FB6823F4803323F0B8
:1086E0007003FB603B681B68FA681343FB603B69DF
:1086F00023F400333B613B689B681B043A691343D6
:108700003B617B68194A934213D07B68184A9342B5
:108710000FD07B68174A93420BD07B68164A93426E
:1087200007D07B68154A934203D07B68144A934272
:1087300009D17B6923F480337B613B685B691B0251
:108740007A6913437B617B687A695A607B68FA684F
:108750001A653B685A687B689A647B683A691A6252
:1087600000BF1C37BD465DF8047B7047002C0140FC
:1087700000340140004001400044014000480140F5
:108780000050014080B487B000AF786039607B68EA
:108790001B6A3B617B681B6A23F480127B681A6248
:1087A0007B685B687B617B681B6DFB60FB6823F00B
:1087B000807323F4E043FB603B681B681B02FA688C
:1087C0001343FB603B6923F400133B613B689B68E8
:1087D0001B053A6913433B617B681A4A934213D0E5
:1087E0007B68194A93420FD07B68184A93420BD09A
:1087F0007B68174A934207D07B68164A934203D09E
:108800007B68154A934209D17B6923F480237B61FD
:108810003B685B699B027A6913437B617B687A6979
:108820005A607B68FA681A653B685A687B68DA6444
:108830007B683A691A6200BF1C37BD465DF8047B4D
:10884000704700BF002C014000340140004001404F
:1088500000440140004801400050014080B487B00E
:1088600000AFF860B9607A60FB681B6A7B61FB68E7
:108870001B6A23F00102FB681A62FB681E4A9342DE
:1088800013D0FB681D4A93420FD0FB681C4A9342E9
:108890000BD0FB681B4A934207D0FB681A4A9342ED
:1088A00003D0FB68194A934205D1FB681B6A23F089
:1088B0000402FB681A62FB689B693B613B6923F019
:1088C000F0033B617B681B013A6913433B617B69A1
:1088D00023F00A037B617A69BB6813437B61FB6801
:1088E0003A699A61FB687A691A6200BF1C37BD4613
:1088F0005DF8047B704700BF002C0140003401404C
:108900000040014000440140004801400050014047
:1089100080B487B000AFF860B9607A60FB681B6A0A
:108920007B61FB681B6A23F01002FB681A62FB681C
:10893000184A934207D0FB68174A934203D0FB685A
:10894000164A934205D1FB681B6A23F04002FB687C
:108950001A62FB689B693B613B6923F470433B618E
:108960007B681B033A6913433B617B6923F0A003D7
:108970007B61BB681B017A6913437B61FB683A69C1
:108980009A61FB687A691A6200BF1C37BD465DF8C0
:10899000047B7047002C014000340140005001402E
:1089A00080B485B000AF786039607B689B68FB60FD
:1089B000FB6823F4401323F07003FB603A68FB6804
:1089C000134343F00703FB607B68FA689A6000BFBB
:1089D0001437BD465DF8047B704780B487B000AFA4
:1089E000F860B9607A603B60FB689B687B617B697B
:1089F00023F47F437B613B681A027B681A43BB68A0
:108A000013437A6913437B61FB687A699A6000BFFC
:108A10001C37BD465DF8047B704780B487B000AF5B
:108A2000F860B9607A60BB6803F01F03012202FAA4
:108A300003F37B61FB681A6A7B69DB431A40FB68BE
:108A40001A62FB681A6ABB6803F01F03796801FAAF
:108A500003F31A43FB681A6200BF1C37BD465DF87A
:108A6000047B704780B485B000AF786039607B6864
:108A700093F83C30012B01D1022374E07B68012282
:108A800083F83C207B68022283F83D207B681B68CA
:108A90005B68FB607B681B689B68BB607B681B68CE
:108AA000344A934209D07B681B68334A934204D00E
:108AB0007B681B68314A934208D1FB6823F470033A
:108AC000FB603B685B68FA681343FB60FB6823F05C
:108AD000007323F07003FB603B681B68FA68134364
:108AE000FB607B681B68FA685A607B681B68214AD8
:108AF000934222D07B681B68B3F1804F1DD07B6806
:108B00001B681F4A934218D07B681B681D4A93421A
:108B100013D07B681B681C4A93420ED07B681B688D
:108B2000154A934209D07B681B68184A934204D0C7
:108B30007B681B68114A93420CD1BB6823F0800309
:108B4000BB603B689B68BA681343BB607B681B686B
:108B5000BA689A607B68012283F83D207B68002216
:108B600083F83C20002318461437BD465DF8047B8B
:108B7000704700BF002C014000340140005001400C
:108B80000004004000080040000C0040004001408C
:108B900080B582B000AF78607B68002B01D10123E3
:108BA00042E07B68D3F88830002B06D17B68002236
:108BB00083F884207868FAF72DFA7B682422C3F8BA
:108BC00088207B681B681A687B681B6822F001029A
:108BD0001A607B689B6A002B02D0786800F020FF47
:108BE000786800F021FC0346012B01D101231BE032
:108BF0007B681B685A687B681B6822F490425A6045
:108C00007B681B689A687B681B6822F02A029A605E
:108C10007B681B681A687B681B6842F001021A6057
:108C2000786800F09FFF034618460837BD4680BDB0
:108C300080B58AB002AFF860B9603B601346FB8034
:108C4000FB68D3F88830202B40F08680BB68002B6F
:108C500002D0FB88002B01D101237EE0FB680022BB
:108C6000C3F89020FB682122C3F88820FAF79EFC05
:108C70007861FB68FA88A3F85420FB68FA88A3F8A7
:108C80005620FB689B68B3F5805F08D1FB681B69C1
:108C9000002B04D10023FB61BB68BB6103E0BB6810
:108CA000FB610023BB613AE03B6800937B690022D3
:108CB0008021F86801F000F80346002B05D0FB681E
:108CC0002022C3F88820032347E0FB69002B0BD147
:108CD000BB691B881A46FB681B68C2F308029A62CC
:108CE000BB690233BB6107E0FB691A78FB681B684C
:108CF0009A62FB690133FB61FB68D3F8883003F0AB
:108D00002103212B09D1FB68B3F856309BB2013BFC
:108D10009AB2FB68A3F8562001E001231DE0FB682E
:108D2000B3F856309BB2002BBED13B6800937B69F1
:108D300000224021F86800F0BFFF0346002B05D059
:108D4000FB682022C3F88820032306E0FB6820226A
:108D5000C3F88820002300E0022318462037BD46D0
:108D600080BD000080B5BAB000AF78607B681B683A
:108D7000DB69C7F8E4307B681B681B68C7F8E03024
:108D80007B681B689B68C7F8DC30D7F8E42040F6A6
:108D90000F031340C7F8D830D7F8D830002B1BD1B9
:108DA000D7F8E43003F02003002B15D0D7F8E030DB
:108DB00003F02003002B05D1D7F8DC3003F08053FB
:108DC000002B09D07B685B6F002B00F000837B6871
:108DD0005B6F78689847FAE2D7F8D830002B00F03C
:108DE0002381D7F8DC208D4B1340002B06D1D7F818
:108DF000E0208B4B1340002B00F01681D7F8E430B5
:108E000003F00103002B11D0D7F8E03003F4807396
:108E1000002B0BD07B681B6801221A627B68D3F899
:108E2000903043F001027B68C3F89020D7F8E4301B
:108E300003F00203002B11D0D7F8DC3003F001035C
:108E4000002B0BD07B681B6802221A627B68D3F868
:108E5000903043F004027B68C3F89020D7F8E430E8
:108E600003F00403002B11D0D7F8DC3003F001032A
:108E7000002B0BD07B681B6804221A627B68D3F836
:108E8000903043F002027B68C3F89020D7F8E430BA
:108E900003F00803002B17D0D7F8E03003F02003CD
:108EA000002B05D1D7F8DC205C4B1340002B0BD0F6
:108EB0007B681B6808221A627B68D3F8903043F005
:108EC00008027B68C3F89020D7F8E43003F400630D
:108ED000002B12D0D7F8E03003F08063002B0CD0C9
:108EE0007B681B684FF400621A627B68D3F890308D
:108EF00043F020027B68C3F890207B68D3F8903061
:108F0000002B00F06682D7F8E43003F02003002B3A
:108F100013D0D7F8E03003F02003002B05D1D7F8A9
:108F2000DC3003F08053002B07D07B685B6F002B95
:108F300003D07B685B6F786898477B68D3F8903084
:108F4000C7F8D4307B681B689B6803F04003402B54
:108F500005D0D7F8D43003F02803002B54D078681C
:108F600000F017FF7B681B689B6803F04003402BF1
:108F700046D17B681B680833C7F89C30D7F89C3013
:108F800053E8003FC7F89830D7F8983023F04003F3
:108F9000C7F8D0307B681B680833D7F8D020C7F8F3
:108FA000A820C7F8A430D7F8A410D7F8A82041E823
:108FB0000023C7F8A030D7F8A030002BD9D17B68A8
:108FC000D3F88030002B17D07B68D3F88030154A57
:108FD0009A637B68D3F880301846FAF782FC034620
:108FE000002B19D07B68D3F880309B6B7A68D2F85D
:108FF0008020104698470FE0786800F0FFF90BE0FA
:10900000786800F0FBF907E0786800F0F7F97B6812
:109010000022C3F89020DCE100BFDAE1010000107B
:10902000200100045F9E00087B68DB6E012B40F08E
:109030007081D7F8E43003F01003002B00F0698151
:10904000D7F8E03003F01003002B00F062817B685A
:109050001B6810221A627B681B689B6803F0400340
:10906000402B40F0D8807B68D3F880301B685B6869
:10907000A7F8BE30B7F8BE30002B00F0AF807B6899
:10908000B3F85C30B7F8BE209A4280F0A7807B68C6
:10909000B7F8BE20A3F85E207B68D3F880301B6849
:1090A0001B6803F02003002B40F087807B681B685F
:1090B000C7F88830D7F8883053E8003FC7F88430C5
:1090C000D7F8843023F48073C7F8B8307B681B6806
:1090D0001A46D7F8B830C7F89430C7F89020D7F8B8
:1090E0009010D7F8942041E80023C7F88C30D7F8C7
:1090F0008C30002BDAD17B681B6808337B677B6F71
:1091000053E8003F3B673B6F23F00103C7F8B430DF
:109110007B681B680833D7F8B420C7F88020FB674A
:10912000F96FD7F8802041E80023BB67BB6F002BA5
:10913000E1D17B681B6808333B663B6E53E8003F18
:10914000FB65FB6D23F04003C7F8B0307B681B68FC
:109150000833D7F8B020FA66BB66B96EFA6E41E8FC
:1091600000237B667B6E002BE3D17B682022C3F853
:109170008C207B680022DA667B681B68FB64FB6CD2
:1091800053E8003FBB64BB6C23F01003C7F8AC305E
:109190007B681B681A46D7F8AC30BB657A65796D79
:1091A000BA6D41E800233B653B6D002BE4D17B6841
:1091B000D3F880301846FAF736FB7B6802221A672C
:1091C0007B68B3F85C207B68B3F85E309BB2D31A3F
:1091D0009BB21946786800F01BF9FCE07B68B3F895
:1091E0005C30B7F8BE209A4240F0F5807B68D3F837
:1091F00080301B681B6803F02003202B40F0EB80BD
:109200007B6802221A677B68B3F85C30194678687D
:1092100000F0FEF8DFE07B68B3F85C207B68B3F811
:109220005E309BB2D31AA7F8CE307B68B3F85E30BD
:109230009BB2002B00F0D180B7F8CE30002B00F0AD
:10924000CC807B681B68BB63BB6B53E8003F7B63D0
:109250007B6B23F49073C7F8C8307B681B681A4691
:10926000D7F8C8307B643A64396C7A6C41E80023E3
:10927000FB63FB6B002BE4D17B681B6808337B62CC
:109280007B6A53E8003F3B623B6A23F0805323F044
:109290000103C7F8C4307B681B680833D7F8C420C3
:1092A0003A63FB62F96A3A6B41E80023BB62BB6A2E
:1092B000002BE1D17B682022C3F88C207B68002240
:1092C000DA667B6800225A677B681B683B613B69F2
:1092D00053E8003FFB60FB6823F01003C7F8C03081
:1092E0007B681B681A46D7F8C030FB61BA61B96960
:1092F000FA6941E800237B617B69002BE4D17B683C
:1093000002221A67B7F8CE301946786800F080F864
:1093100063E0D7F8E43003F48013002B0ED0D7F8C5
:10932000DC3003F48003002B08D07B681B684FF40B
:1093300080121A62786800F0CBFD51E0D7F8E43073
:1093400003F08003002B14D0D7F8E03003F0800343
:10935000002B05D1D7F8DC3003F40003002B08D034
:109360007B689B6F002B3AD07B689B6F786898472F
:1093700035E0D7F8E43003F04003002B09D0D7F8EC
:10938000E03003F04003002B03D0786800F075FD57
:1093900026E0D7F8E43003F40003002B09D0D7F817
:1093A000E03003F08043002B03D0786800F0A4FD88
:1093B00016E0D7F8E43003F08073002B10D0D7F814
:1093C000E030002B0CDA786800F08CFD08E000BF7C
:1093D00006E000BF04E000BF02E000BF00E000BF05
:1093E000E837BD4680BD00BF80B483B000AF786071
:1093F00000BF0C37BD465DF8047B704780B483B076
:1094000000AF786000BF0C37BD465DF8047B704745
:1094100080B483B000AF78600B467B8000BF0C3710
:10942000BD465DF8047B70472DE9B04F8CB000AFAE
:109430007861002387F82A307B699A687B691B6909
:109440001A437B695B691A437B69DB691343FB62DF
:109450007B691B681A68AA4B13407A691268F96A1B
:109460000B4313607B691B685B6823F440517B6985
:10947000DA687B691B680A435A607B699B69FB62F7
:109480007B691B689F4A934204D07B691B6AFA6A16
:109490001343FB627B691B689B6823F06E4323F4D4
:1094A00030637A691268F96A0B4393607B691B68C1
:1094B000DB6A23F00F017B695A6A7B691B680A43E8
:1094C000DA627B691B68904A934225D18F4BD3F8AF
:1094D000883003F00303032B1AD801A252F823F0BB
:1094E000F194000801950008F99400080995000816
:1094F000012387F82B3016E1022387F82B3012E185
:10950000042387F82B300EE1082387F82B300AE17B
:10951000102387F82B3006E17B691B687C4A934255
:1095200038D17A4BD3F8883003F00C030C2B2DD8AC
:1095300001A252F823F000BF6D9500088D95000838
:109540008D9500088D9500087D9500088D95000883
:109550008D9500088D950008759500088D9500087B
:109560008D9500088D95000885950008002387F8E3
:109570002B30D8E0022387F82B30D4E0042387F87F
:109580002B30D0E0082387F82B30CCE0102387F86D
:109590002B30C8E07B691B685E4A934225D15B4B48
:1095A000D3F8883003F03003302B16D0302B18D886
:1095B000202B0AD0202B14D8002B02D0102B08D03F
:1095C0000FE0002387F82B30ADE0022387F82B3023
:1095D000A9E0042387F82B30A5E0082387F82B3077
:1095E000A1E0102387F82B309DE07B691B684A4A75
:1095F000934225D1454BD3F8883003F0C003C02BEC
:1096000016D0C02B18D8802B0AD0802B14D8002B52
:1096100002D0402B08D00FE0002387F82B3082E0E7
:10962000022387F82B307EE0042387F82B307AE082
:10963000082387F82B3076E0102387F82B3072E070
:109640007B691B68354A93422AD1304BD3F8883066
:1096500003F44073B3F5407F1AD0B3F5407F1BD8B5
:10966000B3F5007F0CD0B3F5007F15D8002B03D0E5
:10967000B3F5807F08D00FE0002387F82B3052E04D
:10968000022387F82B304EE0042387F82B304AE082
:10969000082387F82B3046E0102387F82B3042E070
:1096A0007B691B68174A93423AD1184BD3F888302C
:1096B00003F44063B3F5406F1AD0B3F5406F1BD885
:1096C000B3F5006F0CD0B3F5006F15D8002B03D0A5
:1096D000B3F5806F08D00FE0002387F82B3022E02D
:1096E000022387F82B301EE0042387F82B301AE082
:1096F000082387F82B3016E0102387F82B3012E070
:10970000F369FFCF008000400038014000100240A4
:109710000044004000480040004C00400050004021
:10972000102387F82B307B691B68AE4A934240F0C8
:10973000978097F82B30082B23D801A252F823F0FA
:1097400065970008839700086D97000883970008C5
:109750007397000883970008839700088397000891
:109760007B970008FCF7B2FE786210E09E4B7B62AC
:109770000DE0FCF73DFE786209E04FF400437B62A8
:1097800005E000237B62012387F82A3000BF7B6A53
:10979000002B00F030817B695B6A944A32F8133009
:1097A0001A467B6AB3FBF2F3BB617B695A681346C6
:1097B0005B001344BA699A4205D37B695B681B035B
:1097C000BA699A4203D9012387F82A3013E17B6AE8
:1097D0000022BB60FA607B695B6A844A32F813300E
:1097E0009BB200223B607A60D7E90023D7E90201EF
:1097F000F7F772FA02460B46104619464FF0000280
:109800004FF000030B0243EA1063020279694968D2
:10981000490800200C46054612EB040843EB0509F5
:109820007B695B6800229A46934652465B464046F7
:109830004946F7F751FA02460B4613463B623B6A2C
:10984000B3F5407F08D33B6AB3F5801F04D27B6930
:109850001B683A6ADA60CEE0012387F82A30CAE052
:109860007B69DB69B3F5004F66D197F82B30082B85
:1098700027D801A252F823F09D980008A598000867
:10988000AD980008C3980008B3980008C398000872
:10989000C3980008C3980008BB980008FCF716FEA0
:1098A000786214E0FCF728FE786210E04E4B7B6291
:1098B0000DE0FCF79DFD786209E04FF400437B6208
:1098C00005E000237B62012387F82A3000BF7B6A12
:1098D000002B00F090807B695B6A444A32F81330B9
:1098E0001A467B6AB3FBF2F35A007B695B685B083C
:1098F0001A447B695B68B2FBF3F33B623B6A0F2B54
:1099000016D93B6AB3F5803F12D23B6A9BB223F073
:109910000F03FB833B6A5B089BB203F007039AB219
:10992000FB8B1343FB837B691B68FA8BDA6062E075
:10993000012387F82A305EE097F82B30082B28D8CF
:1099400001A252F823F000BF6D9900087599000834
:109950007D9900089399000883990008939900085D
:1099600093990008939900088B990008FCF7AEFDC5
:10997000786214E0FCF7C0FD786210E01A4B7B625D
:109980000DE0FCF735FD786209E04FF400437B629F
:1099900005E000237B62012387F82A3000BF7B6A41
:1099A000002B28D07B695B6A104A32F813301A46C4
:1099B0007B6AB3FBF2F27B695B685B081A447B69E4
:1099C0005B68B2FBF3F33B623B6A0F2B10D93B6A37
:1099D000B3F5803F0CD23B6A9AB27B691B68DA60B0
:1099E00009E000BF008000400024F400482D010879
:1099F000012387F82A307B690122A3F86A207B695A
:109A00000122A3F868207B6900225A677B69002243
:109A10009A6797F82A3018463037BD46BDE8B08FB0
:109A200080B483B000AF78607B689B6A03F0080362
:109A3000002B0AD07B681B685B6823F400417B68BD
:109A40009A6B7B681B680A435A607B689B6A03F0C9
:109A50000103002B0AD07B681B685B6823F400318C
:109A60007B68DA6A7B681B680A435A607B689B6A7A
:109A700003F00203002B0AD07B681B685B6823F4A9
:109A800080317B681A6B7B681B680A435A607B686D
:109A90009B6A03F00403002B0AD07B681B685B6899
:109AA00023F480217B685A6B7B681B680A435A60E9
:109AB0007B689B6A03F01003002B0AD07B681B684D
:109AC0009B6823F480517B68DA6B7B681B680A43D0
:109AD0009A607B689B6A03F02003002B0AD07B68A6
:109AE0001B689B6823F400517B681A6C7B681B68B9
:109AF0000A439A607B689B6A03F04003002B1AD0EC
:109B00007B681B685B6823F480117B685A6C7B68F8
:109B10001B680A435A607B685B6CB3F5801F0AD1EF
:109B20007B681B685B6823F4C0017B689A6C7B6868
:109B30001B680A435A607B689B6A03F08003002B12
:109B40000AD07B681B685B6823F400217B68DA6CB1
:109B50007B681B680A435A6000BF0C37BD465DF83E
:109B6000047B704780B598B002AF78607B680022B4
:109B7000C3F89020F9F71AFD78657B681B681B68AD
:109B800003F00803082B2FD16FF07E4300937B6D09
:109B900000224FF40011786800F08EF80346002B85
:109BA00022D07B681B68BB63BB6B53E8003F7B63C1
:109BB0007B6B23F080033B657B681B681A463B6D1B
:109BC0007B643A64396C7A6C41E80023FB63FB6B7D
:109BD000002BE6D17B682022C3F888207B68002216
:109BE00083F88420032363E07B681B681B6803F011
:109BF0000403042B49D16FF07E4300937B6D002258
:109C00004FF48001786800F057F80346002B3CD0F1
:109C10007B681B687B627B6A53E8003F3B623B6A60
:109C200023F49073FB647B681B681A46FB6C3B63F0
:109C3000FA62F96A3A6B41E80023BB62BB6A002B07
:109C4000E6D17B681B6808333B613B6953E8003F02
:109C5000FB60FB6823F00103BB647B681B6808336F
:109C6000BA6CFA61BB61B969FA6941E800237B61AA
:109C70007B69002BE5D17B682022C3F88C207B68B0
:109C8000002283F88420032312E07B682022C3F89B
:109C900088207B682022C3F88C207B680022DA664B
:109CA0007B6800221A677B68002283F884200023E7
:109CB00018465837BD4680BD80B584B000AFF86007
:109CC000B9603B601346FB714FE0BB69B3F1FF3FE6
:109CD0004BD0F9F76BFC02463B68D31ABA699A423B
:109CE00002D3BB69002B01D103234EE0FB681B6844
:109CF0001B6803F00403002B37D0BB68802B34D0E3
:109D0000BB68402B31D0FB681B68DB6903F008039C
:109D1000082B10D1FB681B6808221A62F86800F053
:109D200038F8FB680822C3F89020FB68002283F80B
:109D30008420012329E0FB681B68DB6903F40063CE
:109D4000B3F5006F11D1FB681B684FF400621A6213
:109D5000F86800F01EF8FB682022C3F89020FB682A
:109D6000002283F8842003230FE0FB681B68DA6974
:109D7000BB681340BA689A420CBF01230023DBB2D0
:109D80001A46FB799A42A0D0002318461037BD46E8
:109D900080BD80B495B000AF78607B681B687B6342
:109DA0007B6B53E8003F3B633B6B23F49073FB6496
:109DB0007B681B681A46FB6C3B64FA63F96B3A6C70
:109DC00041E80023BB63BB6B002BE6D17B681B68BB
:109DD00008333B623B6A53E8003FFB61FB6923F0B9
:109DE000805323F00103BB647B681B680833BA6CA3
:109DF000FA62BB62B96AFA6A41E800237B627B6A55
:109E0000002BE3D17B68DB6E012B18D17B681B68CC
:109E1000FB60FB6853E8003FBB60BB6823F01003A6
:109E20007B647B681B681A467B6CBB617A617969CD
:109E3000BA6941E800233B613B69002BE6D17B68AE
:109E40002022C3F88C207B680022DA667B6800221F
:109E50005A6700BF5437BD465DF8047B704780B534
:109E600084B000AF78607B689B6AFB60F868FFF79E
:109E7000C5FA00BF1037BD4680BD80B588B000AFC1
:109E800078607B681B68FB60FB6853E8003FBB6041
:109E9000BB6823F04003FB617B681B681A46FB69C3
:109EA000BB617A617969BA6941E800233B613B692A
:109EB000002BE6D17B682022C3F888207B68002233
:109EC0009A677868FFF790FA00BF2037BD4680BDDB
:109ED00080B483B000AF786000BF0C37BD465DF83A
:109EE000047B704780B483B000AF786000BF0C374C
:109EF000BD465DF8047B704780B483B000AF7860E6
:109F000000BF0C37BD465DF8047B704780B485B058
:109F100000AF78607B6893F88430012B01D1022375
:109F200027E07B68012283F884207B682422C3F821
:109F300088207B681B681B68FB607B681B681A684D
:109F40007B681B6822F001021A60FB6823F0005353
:109F5000FB607B6800225A667B681B68FA681A609F
:109F60007B682022C3F888207B68002283F8842045
:109F7000002318461437BD465DF8047B704780B552
:109F800084B000AF786039607B6893F88430012B2F
:109F900001D102232DE07B68012283F884207B68B5
:109FA0002422C3F888207B681B681B68FB607B68E1
:109FB0001B681A687B681B6822F001021A607B68C4
:109FC0001B689B6823F060417B681B683A680A4302
:109FD0009A60786800F050F87B681B68FA681A602D
:109FE0007B682022C3F888207B68002283F88420C5
:109FF000002318461037BD4680BD80B584B000AF41
:10A00000786039607B6893F88430012B01D102239A
:10A010002DE07B68012283F884207B682422C3F82A
:10A0200088207B681B681B68FB607B681B681A685C
:10A030007B681B6822F001021A607B681B689B68C2
:10A0400023F060617B681B683A680A439A6078680D
:10A0500000F012F87B681B68FA681A607B6820229F
:10A06000C3F888207B68002283F8842000231846E8
:10A070001037BD4680BD000080B485B000AF786069
:10A080007B685B6E002B08D17B680122A3F86A20F5
:10A090007B680122A3F8682031E00823FB730823C2
:10A0A000BB737B681B689B685B0EDBB203F0070326
:10A0B0007B737B681B689B685B0FDBB203F0070355
:10A0C0003B73BB7B3A7B11498A5C02FB03F33A7B0F
:10A0D0000F498A5C93FBF2F39AB27B68A3F86A207B
:10A0E000FB7B7A7B09498A5C02FB03F37A7B084994
:10A0F0008A5C93FBF2F39AB27B68A3F8682000BFF6
:10A100001437BD465DF8047B704700BF602D010821
:10A11000682D010880B485B000AF78607B680022AC
:10A12000A3F844204BF68073FB60FB689AB27B680F
:10A13000A3F84020002318461437BD465DF8047B81
:10A14000704780B485B000AF78604BF68073FB60D9
:10A150007B68B3F840309AB2FB689BB2DB439BB29A
:10A1600013409AB27B68A3F84020002318461437A6
:10A17000BD465DF8047B704780B485B000AFF860E1
:10A180003B1D83E80600FB680122A3F84020FB6822
:10A190000022A3F84020FB680022A3F84420FB68BB
:10A1A0000022A3F85020002318461437BD465DF85E
:10A1B000047B704780B4A7B000AF7860396000239B
:10A1C00087F897307A683B681B789B0013441B889C
:10A1D0009BB223F4EC4323F07003A7F894303B6860
:10A1E000DB78032B1FD801A252F823F0FDA1000851
:10A1F00019A200082FA200080BA20008B7F894309B
:10A2000043F40073A7F8943012E0B7F8943043F4A5
:10A21000C063A7F894300BE0B7F8943043F4806340
:10A22000A7F8943004E0012387F8973000E000BFDE
:10A230007A683B681B789B001A44B7F8943043F067
:10A240007F4343F47F0343F4004343F080039BB216
:10A2500013807A683B681B789B0013441B889BB271
:10A260001BB223F4E04323F070031AB23B681B785F
:10A270001BB213431BB2A7F886307A683B681B7881
:10A280009B001A44B7F8863043F07F4343F47F03C2
:10A2900043F4004343F080039BB213803B681B7B75
:10A2A000002B40F080813B685B78002B00F08480BD
:10A2B0007B68BB617B68B3F850309BB21A46BB69C0
:10A2C0001344BB613B681B78DA00BB69134403F598
:10A2D00080637B613B68DB885B089BB25B009AB262
:10A2E0007B691A807A683B681B789B0013441B8843
:10A2F0007B827B8A03F04003002B1BD07A683B688B
:10A300001B789B0013441B889BB223F4E04323F08B
:10A3100070033B827A683B681B789B001A443B8A37
:10A3200043F07F4343F47F0343F4004343F0C0030F
:10A330009BB213803B68DB78012B20D07A683B68A6
:10A340001B789B0013441B889BB223F4E04323F04B
:10A350004003BB81BB8983F02003BB817A683B68E3
:10A360001B789B001A44BB8943F07F4343F47F036F
:10A3700043F4004343F080039BB21380F9E37A680F
:10A380003B681B789B0013441B889BB223F4E0437B
:10A3900023F04003FB817A683B681B789B001A44DA
:10A3A000FB8943F07F4343F47F0343F4004343F0CE
:10A3B00080039BB21380DCE37B683B637B68B3F86C
:10A3C00050309BB21A463B6B13443B633B681B788F
:10A3D000DA003B6B134403F20443FB623B68DB8807
:10A3E0005B089BB25B009AB2FB6A1A807B68BB6217
:10A3F0007B68B3F850309BB21A46BB6A1344BB6209
:10A400003B681B78DA00BB6A134403F206437B62A5
:10A410007B6A1B889BB2C3F309039AB27B6A1A80DA
:10A420003B681B69002B0AD17B6A1B889BB26FEAD1
:10A4300043436FEA53439AB27B6A1A8041E03B6818
:10A440001B693E2B1CD83B681B695B08C7F8903022
:10A450003B681B6903F00103002B04D0D7F8903050
:10A460000133C7F890307B6A1B889AB2D7F89030D6
:10A470009BB29B029BB213439AB27B6A1A8020E084
:10A480003B681B695B09C7F890303B681B6903F0A8
:10A490001F03002B04D1D7F89030013BC7F8903050
:10A4A0007B6A1B889AB2D7F890309BB29B029BB212
:10A4B00013439BB26FEA43436FEA53439AB27B6AFA
:10A4C0001A807A683B681B789B0013441B887B8446
:10A4D0007B8C03F48043002B1BD07A683B681B788D
:10A4E0009B0013441B889BB223F4E04323F07003CA
:10A4F0003B847A683B681B789B001A443B8C43F092
:10A500007F4343F47F0343F4404343F080039BB213
:10A5100013803B681B78002B24D17A683B681B783A
:10A520009B0013441B889BB223F4804323F07003E9
:10A53000BB83BB8B83F48053BB83BB8B83F40053FF
:10A54000BB837A683B681B789B001A44BB8B43F043
:10A550007F4343F47F0343F4004343F080039BB203
:10A56000138006E37A683B681B789B0013441B88C2
:10A570009BB223F4804323F07003FB83FB8B83F4B3
:10A580000053FB837A683B681B789B001A44FB8B63
:10A5900043F07F4343F47F0343F4004343F08003DD
:10A5A0009BB21380E5E23B68DB78022B1ED17A6810
:10A5B0003B681B789B0013441B889BB223F4E04349
:10A5C00023F07003A7F882307A683B681B789B0001
:10A5D0001A44B7F8823043F07F4343F47F0343F4D7
:10A5E000014343F080039BB213801DE07A683B680F
:10A5F0001B789B0013441B889BB223F4E24323F097
:10A600007003A7F884307A683B681B789B001A4473
:10A61000B7F8843043F07F4343F47F0343F40043AF
:10A6200043F080039BB213807B68FB677B68B3F8C1
:10A6300050309BB21A46FB6F1344FB673B681B7894
:10A64000DA00FB6F134403F58063BB673B681B892B
:10A650005B089BB25B009AB2BB6F1A807B687B671A
:10A660007B68B3F850309BB21A467B6F13447B670C
:10A670003B681B78DA007B6F134403F204433B67AB
:10A680003B685B895B089BB25B009AB23B6F1A80A8
:10A690003B685B78002B40F0AF817A683B681B78A1
:10A6A0009B0013441B88A7F86030B7F8603003F4B0
:10A6B0008043002B1DD07A683B681B789B001344B5
:10A6C0001B889BB223F4E04323F07003A7F85E30AD
:10A6D0007A683B681B789B001A44B7F85E3043F0F9
:10A6E0007F4343F47F0343F4404343F080039BB232
:10A6F00013807A683B681B789B0013441B88A7F87B
:10A700005C30B7F85C3003F04003002B1DD07A6852
:10A710003B681B789B0013441B889BB223F4E043E7
:10A7200023F07003A7F85A307A683B681B789B00C7
:10A730001A44B7F85A3043F07F4343F47F0343F49D
:10A74000004343F0C0039BB213803B685B78002B4F
:10A750006BD17B68FB647B68B3F850309BB21A46C0
:10A76000FB6C1344FB643B681B78DA00FB6C1344FE
:10A7700003F20243BB64BB6C1B889BB2C3F30903A7
:10A780009AB2BB6C1A803B681B69002B0AD1BB6C68
:10A790001B889BB26FEA43436FEA53439AB2BB6C88
:10A7A0001A805DE03B681B693E2B1CD83B681B6927
:10A7B0005B08C7F88C303B681B6903F00103002B72
:10A7C00004D0D7F88C300133C7F88C30BB6C1B88B1
:10A7D0009AB2D7F88C309BB29B029BB213439AB2C9
:10A7E000BB6C1A803CE03B681B695B09C7F88C3086
:10A7F0003B681B6903F01F03002B04D1D7F88C3092
:10A80000013BC7F88C30BB6C1B889AB2D7F88C30F0
:10A810009BB29B029BB213439BB26FEA43436FEA26
:10A8200053439AB2BB6C1A801AE03B685B78012BE9
:10A8300016D17B687B657B68B3F850309BB21A46B3
:10A840007B6D13447B653B681B78DA007B6D13449A
:10A8500003F202433B653B681B699AB23B6D1A8069
:10A860007B687B643B685B78002B6BD17B68FB6308
:10A870007B68B3F850309BB21A46FB6B1344FB6302
:10A880003B681B78DA00FB6B134403F20643BB639F
:10A89000BB6B1B889BB2C3F309039AB2BB6B1A80D4
:10A8A0003B681B69002B0AD1BB6B1B889BB26FEA0C
:10A8B00043436FEA53439AB2BB6B1A805BE03B6839
:10A8C0001B693E2B1CD83B681B695B08C7F88830A6
:10A8D0003B681B6903F00103002B04D0D7F88830D4
:10A8E0000133C7F88830BB6B1B889AB2D7F8883021
:10A8F0009BB29B029BB213439AB2BB6B1A803AE0A5
:10A900003B681B695B09C7F888303B681B6903F02B
:10A910001F03002B04D1D7F88830013BC7F88830DB
:10A92000BB6B1B889AB2D7F888309BB29B029BB254
:10A9300013439BB26FEA43436FEA53439AB2BB6B34
:10A940001A8018E03B685B78012B14D17B68B3F860
:10A9500050309BB21A467B6C13447B643B681B7877
:10A96000DA007B6C134403F206433B643B681B69CB
:10A970009AB23B6C1A807A683B681B789B00134440
:10A980001B889BB223F4804323F07003FB86FB8E6D
:10A9900083F48053FB86FB8E83F40053FB867A6836
:10A9A0003B681B789B001A44FB8E43F07F4343F4C3
:10A9B0007F0343F4004343F080039BB213807A6823
:10A9C0003B681B789B0013441B889BB223F4E04335
:10A9D00023F04003BB867A683B681B789B001A44CF
:10A9E000BB8E43F07F4343F47F0343F4004343F0C3
:10A9F00080039BB21380BCE07A683B681B789B00A5
:10AA000013441B88A7F86E30B7F86E3003F4804308
:10AA1000002B1DD07A683B681B789B0013441B8871
:10AA20009BB223F4E04323F07003A7F86C307A68FC
:10AA30003B681B789B001A44B7F86C3043F07F43A7
:10AA400043F47F0343F4404343F080039BB21380FD
:10AA50007A683B681B789B0013441B88A7F86A3010
:10AA6000B7F86A3003F04003002B1DD07A683B68CA
:10AA70001B789B0013441B889BB223F4E04323F014
:10AA80007003A7F868307A683B681B789B001A440B
:10AA9000B7F8683043F07F4343F47F0343F4004347
:10AAA00043F0C0039BB213803B68DB78012B24D0BA
:10AAB0007A683B681B789B0013441B889BB223F485
:10AAC000E04323F04003A7F86430B7F8643083F024
:10AAD0002003A7F864307A683B681B789B001A440F
:10AAE000B7F8643043F07F4343F47F0343F40043FB
:10AAF00043F080039BB213801DE07A683B681B78AB
:10AB00009B0013441B889BB223F4E04323F04003D3
:10AB1000A7F866307A683B681B789B001A44B7F840
:10AB2000663043F07F4343F47F0343F4004343F034
:10AB300080039BB213807A683B681B789B001344A8
:10AB40001B889BB223F4804323F07003A7F8623084
:10AB50007A683B681B789B001A44B7F8623043F070
:10AB60007F4343F47F0343F4004343F080039BB2ED
:10AB7000138097F8973018469C37BD465DF8047BE4
:10AB8000704700BF80B48DB000AF786039603B681B
:10AB90001B7B002B40F08E803B685B78002B44D001
:10ABA0007A683B681B789B0013441B88BB81BB8978
:10ABB00003F04003002B1BD07A683B681B789B0096
:10ABC00013441B889BB223F4E04323F070037B8182
:10ABD0007A683B681B789B001A447B8943F07F436B
:10ABE00043F47F0343F4004343F0C0039BB213805C
:10ABF0007A683B681B789B0013441B889BB223F444
:10AC0000E04323F040033B817A683B681B789B005C
:10AC10001A443B8943F07F4343F47F0343F40043EA
:10AC200043F080039BB2138092E17A683B681B7803
:10AC30009B0013441B887B827B8A03F48043002B98
:10AC40001BD07A683B681B789B0013441B889BB21F
:10AC500023F4E04323F070033B827A683B681B785F
:10AC60009B001A443B8A43F07F4343F47F0343F441
:10AC7000404343F080039BB213807A683B681B78A3
:10AC80009B0013441B889BB223F4804323F0700382
:10AC9000FB817A683B681B789B001A44FB8943F070
:10ACA0007F4343F47F0343F4004343F080039BB2AC
:10ACB00013804DE13B685B78002B40F0A5807A68FB
:10ACC0003B681B789B0013441B883B843B8C03F43C
:10ACD0008043002B1BD07A683B681B789B00134491
:10ACE0001B889BB223F4E04323F07003FB837A6854
:10ACF0003B681B789B001A44FB8B43F07F4343F473
:10AD00007F0343F4404343F080039BB213807A688F
:10AD10003B681B789B0013441B88BB83BB8B03F0F1
:10AD20004003002B1BD07A683B681B789B001344C0
:10AD30001B889BB223F4E04323F070037B837A6883
:10AD40003B681B789B001A447B8B43F07F4343F4A2
:10AD50007F0343F4004343F0C0039BB213807A683F
:10AD60003B681B789B0013441B889BB223F4E04391
:10AD700023F070033B837A683B681B789B001A447E
:10AD80003B8B43F07F4343F47F0343F4004343F0A2
:10AD9000C0039BB213807A683B681B789B00134406
:10ADA0001B889BB223F4804323F07003FB827A68F4
:10ADB0003B681B789B001A44FB8A43F07F4343F4B3
:10ADC0007F0343F4004343F080039BB213807A680F
:10ADD0003B681B789B0013441B889BB223F4E04321
:10ADE00023F04003BB827A683B681B789B001A44BF
:10ADF000BB8A43F07F4343F47F0343F4004343F0B3
:10AE000080039BB21380A3E07A683B681B789B00A9
:10AE100013441B88FB85FB8D03F48043002B1BD060
:10AE20007A683B681B789B0013441B889BB223F411
:10AE3000E04323F07003BB857A683B681B789B0076
:10AE40001A44BB8D43F07F4343F47F0343F44043F4
:10AE500043F080039BB213807A683B681B789B00A9
:10AE600013441B887B857B8D03F04003002B1BD094
:10AE70007A683B681B789B0013441B889BB223F4C1
:10AE8000E04323F070033B857A683B681B789B00A6
:10AE90001A443B8D43F07F4343F47F0343F4004364
:10AEA00043F0C0039BB213807A683B681B789B0019
:10AEB00013441B889BB223F4E04323F07003FB840C
:10AEC0007A683B681B789B001A44FB8C43F07F43F5
:10AED00043F47F0343F4404343F080039BB2138069
:10AEE0007A683B681B789B0013441B889BB223F451
:10AEF000E04323F04003BB847A683B681B789B00E7
:10AF00001A44BB8C43F07F4343F47F0343F4004374
:10AF100043F080039BB213807A683B681B789B00E8
:10AF200013441B889BB223F4804323F070037B847B
:10AF30007A683B681B789B001A447B8C43F07F4304
:10AF400043F47F0343F4004343F080039BB2138038
:10AF5000002318463437BD465DF8047B704780B542
:10AF6000ACB000AF786039603B685B78012B40F093
:10AF7000CA843B689A693B681B699A4204D93B685A
:10AF80001B69C7F8AC3003E03B689B69C7F8AC307D
:10AF90003B681B7B002B22D13B6859693B68DA88F0
:10AFA000D7F8AC309BB2786800F0BDFE7B683B619F
:10AFB0007B68B3F850309BB21A463B6913443B613F
:10AFC0003B681B78DA003B69134403F20243FB60E1
:10AFD000D7F8AC309AB2FB681A8000F06FBC3B68BF
:10AFE000DB78022B40F01E833B681A6A3B681B69C2
:10AFF0009A4240F2CF827A683B681B789B001344E8
:10B000001B889BB223F4E04323F07003A7F856306B
:10B010007A683B681B789B001A44B7F8563043F0B7
:10B020007F4343F47F0343F4014343F080039BB227
:10B0300013803B681A6AD7F8AC30D21A3B681A62A0
:10B040007A683B681B789B0013441B889BB203F013
:10B050004003002B00F04F817B683B633B685B78CB
:10B06000002B6BD17B68BB627B68B3F850309BB21E
:10B070001A46BB6A1344BB623B681B78DA00BB6AA2
:10B08000134403F206437B627B6A1B889BB2C3F3C3
:10B0900009039AB27B6A1A80D7F8AC30002B0AD128
:10B0A0007B6A1B889BB26FEA43436FEA53439AB2B1
:10B0B0007B6A1A805BE0D7F8AC303E2B1CD8D7F8FF
:10B0C000AC305B08C7F8A830D7F8AC3003F0010308
:10B0D000002B04D0D7F8A8300133C7F8A8307B6A1A
:10B0E0001B889AB2D7F8A8309BB29B029BB213433D
:10B0F0009AB27B6A1A803AE0D7F8AC305B09C7F89D
:10B10000A830D7F8AC3003F01F03002B04D1D7F8D8
:10B11000A830013BC7F8A8307B6A1B889AB2D7F8E1
:10B12000A8309BB29B029BB213439BB26FEA43438E
:10B130006FEA53439AB27B6A1A8018E03B685B78E7
:10B14000012B14D17B68B3F850309BB21A463B6B8D
:10B1500013443B633B681B78DA003B6B134403F2F8
:10B160000643FB62D7F8AC309AB2FB6A1A803B68A0
:10B170005B89A7F876303B685969D7F8AC309BB249
:10B18000B7F87620786800F0CEFD3B685A69D7F8AA
:10B19000AC301A443B685A613B681A6A3B681B69C9
:10B1A0009A4207D93B681A6AD7F8AC30D21A3B6882
:10B1B0001A6206E03B681B6AC7F8AC303B680022A5
:10B1C0001A623B685B78002B6BD17B68BB617B6844
:10B1D000B3F850309BB21A46BB691344BB613B685D
:10B1E0001B78DA00BB69134403F202437B617B697D
:10B1F0001B889BB2C3F309039AB27B691A80D7F804
:10B20000AC30002B0AD17B691B889BB26FEA4343A9
:10B210006FEA53439AB27B691A805DE0D7F8AC308D
:10B220003E2B1CD8D7F8AC305B08C7F8A430D7F851
:10B23000AC3003F00103002B04D0D7F8A430013365
:10B24000C7F8A4307B691B889AB2D7F8A4309BB2A8
:10B250009B029BB213439AB27B691A803CE0D7F8F9
:10B26000AC305B09C7F8A430D7F8AC3003F01F034B
:10B27000002B04D1D7F8A430013BC7F8A4307B6978
:10B280001B889AB2D7F8A4309BB29B029BB213439F
:10B290009BB26FEA43436FEA53439AB27B691A80C9
:10B2A0001AE03B685B78012B16D17B683B627B68B8
:10B2B000B3F850309BB21A463B6A13443B623B687A
:10B2C0001B78DA003B6A134403F20243FB61D7F8B0
:10B2D000AC309AB2FB691A803B681B89A7F87630BC
:10B2E0003B685969D7F8AC309BB2B7F876207868DC
:10B2F00000F019FDE2E23B685B78002B6BD17B68C4
:10B30000BB647B68B3F850309BB21A46BB6C1344E5
:10B31000BB643B681B78DA00BB6C134403F2024346
:10B320007B647B6C1B889BB2C3F309039AB27B6C72
:10B330001A80D7F8AC30002B0AD17B6C1B889BB2EB
:10B340006FEA43436FEA53439AB27B6C1A805DE025
:10B35000D7F8AC303E2B1CD8D7F8AC305B08C7F818
:10B36000A030D7F8AC3003F00103002B04D0D7F89D
:10B37000A0300133C7F8A0307B6C1B889AB2D7F895
:10B38000A0309BB29B029BB213439AB27B6C1A8093
:10B390003CE0D7F8AC305B09C7F8A030D7F8AC3048
:10B3A00003F01F03002B04D1D7F8A030013BC7F8EE
:10B3B000A0307B6C1B889AB2D7F8A0309BB29B025E
:10B3C0009BB213439BB26FEA43436FEA53439AB273
:10B3D0007B6C1A801AE03B685B78012B16D17B6886
:10B3E0003B657B68B3F850309BB21A463B6D134403
:10B3F0003B653B681B78DA003B6D134403F2024364
:10B40000FB64D7F8AC309AB2FB6C1A803B681B899E
:10B41000A7F876303B685969D7F8AC309BB2B7F8DB
:10B420007620786800F07FFC3B685A69D7F8AC302A
:10B430001A443B685A613B681A6A3B681B699A4226
:10B4400007D93B681A6AD7F8AC30D21A3B681A623F
:10B4500006E03B681B6AC7F8AC303B6800221A6202
:10B460007B683B643B685B78002B6BD17B68BB637C
:10B470007B68B3F850309BB21A46BB6B1344BB6376
:10B480003B681B78DA00BB6B134403F206437B6313
:10B490007B6B1B889BB2C3F309039AB27B6B1A8048
:10B4A000D7F8AC30002B0AD17B6B1B889BB26FEABC
:10B4B00043436FEA53439AB27B6B1A805BE0D7F841
:10B4C000AC303E2B1CD8D7F8AC305B08C7F89C30AA
:10B4D000D7F8AC3003F00103002B04D0D7F89C3030
:10B4E0000133C7F89C307B6B1B889AB2D7F89C302D
:10B4F0009BB29B029BB213439AB27B6B1A803AE0D9
:10B50000D7F8AC305B09C7F89C30D7F8AC3003F003
:10B510001F03002B04D1D7F89C30013BC7F89C30A7
:10B520007B6B1B889AB2D7F89C309BB29B029BB274
:10B5300013439BB26FEA43436FEA53439AB27B6B68
:10B540001A8018E03B685B78012B14D17B68B3F854
:10B5500050309BB21A463B6C13443B643B681B78EB
:10B56000DA003B6C134403F20643FB63D7F8AC30BC
:10B570009AB2FB6B1A803B685B89A7F876303B6810
:10B580005969D7F8AC309BB2B7F87620786800F0EC
:10B59000CAFB93E13B681B6AC7F8AC307A683B682A
:10B5A0001B789B0013441B889BB223F4E24323F0D7
:10B5B0007003A7F862307A683B681B789B001A44D6
:10B5C000B7F8623043F07F4343F47F0343F4004312
:10B5D00043F080039BB213807B68FB657B68B3F804
:10B5E00050309BB21A46FB6D1344FB653B681B78D9
:10B5F000DA00FB6D134403F20243BB65D7F8AC30AD
:10B600009AB2BB6D1A803B681B89A7F876303B68FD
:10B610005969D7F8AC309BB2B7F87620786800F05B
:10B6200082FB4BE13B681A6AD7F8AC30D21A3B6810
:10B630001A627A683B681B789B0013441B889BB294
:10B6400003F04003002B00F09A807B683B673B6867
:10B650005B78002B6BD17B68BB667B68B3F850309E
:10B660009BB21A46BB6E1344BB663B681B78DA007C
:10B67000BB6E134403F206437B667B6E1B889BB252
:10B68000C3F309039AB27B6E1A80D7F8AC30002B53
:10B690000AD17B6E1B889BB26FEA43436FEA534328
:10B6A0009AB27B6E1A805BE0D7F8AC303E2B1CD888
:10B6B000D7F8AC305B08C7F89830D7F8AC3003F057
:10B6C0000103002B04D0D7F898300133C7F8983025
:10B6D0007B6E1B889AB2D7F898309BB29B029BB2C4
:10B6E00013439AB27B6E1A803AE0D7F8AC305B090C
:10B6F000C7F89830D7F8AC3003F01F03002B04D103
:10B70000D7F89830013BC7F898307B6E1B889AB207
:10B71000D7F898309BB29B029BB213439BB26FEA5F
:10B7200043436FEA53439AB27B6E1A8018E03B683A
:10B730005B78012B14D17B68B3F850309BB21A466A
:10B740003B6F13443B673B681B78DA003B6F134445
:10B7500003F20643FB66D7F8AC309AB2FB6E1A8050
:10B760003B685B89A7F876303B685969D7F8AC30FD
:10B770009BB2B7F87620786800F0D5FA9EE03B6877
:10B780005B78002B6BD17B68FB677B68B3F850302C
:10B790009BB21A46FB6F1344FB673B681B78DA00C9
:10B7A000FB6F134403F20243BB67BB6F1B889BB262
:10B7B000C3F309039AB2BB6F1A80D7F8AC30002BE1
:10B7C0000AD1BB6F1B889BB26FEA43436FEA5343B6
:10B7D0009AB2BB6F1A8063E0D7F8AC303E2B1CD80E
:10B7E000D7F8AC305B08C7F89430D7F8AC3003F02A
:10B7F0000103002B04D0D7F894300133C7F89430FC
:10B80000BB6F1B889AB2D7F894309BB29B029BB255
:10B8100013439AB2BB6F1A8042E0D7F8AC305B0991
:10B82000C7F89430D7F8AC3003F01F03002B04D1D5
:10B83000D7F89430013BC7F89430BB6F1B889AB29D
:10B84000D7F894309BB29B029BB213439BB26FEA32
:10B8500043436FEA53439AB2BB6F1A8020E03B68C0
:10B860005B78012B1CD17B68C7F884307B68B3F808
:10B8700050309BB21A46D7F884301344C7F884304E
:10B880003B681B78DA00D7F88430134403F2024394
:10B89000C7F88030D7F8AC309AB2D7F880301A8029
:10B8A0003B681B89A7F876303B685969D7F8AC30FC
:10B8B0009BB2B7F87620786800F035FA7A683B6872
:10B8C0001B789B0013441B889BB223F4E04323F0B6
:10B8D00040037B817B8983F010037B817B8983F02C
:10B8E00020037B817A683B681B789B001A447B8924
:10B8F00043F07F4343F47F0343F4004343F080036A
:10B900009BB21380D5E03B681B7B002B56D13B6874
:10B910009B69002B22D13B68DB78002B1ED17A6813
:10B920003B681B789B0013441B889BB223F4E043C5
:10B9300023F07003A7F88E307A683B681B789B0071
:10B940001A44B7F88E3043F07F4343F47F0343F447
:10B95000014343F080039BB213801DE07A683B688B
:10B960001B789B0013441B889BB223F4E24323F013
:10B970007003A7F88C307A683B681B789B001A44E8
:10B98000B7F88C3043F07F4343F47F0343F4004324
:10B9900043F080039BB213803B689A693B681B6944
:10B9A0009A4207D93B689A693B681B69D21A3B687F
:10B9B0009A6154E03B6800229A6150E03B68DB7872
:10B9C000022B42D13B68DB69002B48D07A683B6888
:10B9D0001B789B0013441B88A7F89230B7F892306D
:10B9E00003F48043002B05D0B7F8923003F04003F6
:10B9F000002B0BD1B7F8923003F48043002B2ED1EB
:10BA0000B7F8923003F04003002B28D17A683B68E6
:10BA10001B789B0013441B889BB223F4E04323F064
:10BA20007003A7F890307A683B681B789B001A4433
:10BA3000B7F8903043F07F4343F47F0343F400436F
:10BA400043F0C0039BB2138009E03B68DB78012B15
:10BA500003D13B6800229A6101E001232AE07A6861
:10BA60003B681B789B0013441B889BB223F48043E4
:10BA700023F07003A7F88A30B7F88A3083F4805334
:10BA8000A7F88A30B7F88A3083F40053A7F88A30D1
:10BA90007A683B681B789B001A44B7F88A3043F0F9
:10BAA0007F4343F47F0343F4004343F080039BB29E
:10BAB000138000231846B037BD4680BD80B485B0E2
:10BAC00000AF786039603B685B78002B20D07A68E3
:10BAD0003B681B789B0013441B889BB223F4E04314
:10BAE00023F04003BB81BB8983F01003BB817A68DC
:10BAF0003B681B789B001A44BB8943F07F4343F4A7
:10BB00007F0343F4004343F080039BB213801FE0A4
:10BB10007A683B681B789B0013441B889BB223F414
:10BB2000804323F07003FB81FB8983F48053FB8106
:10BB30007A683B681B789B001A44FB8943F07F437B
:10BB400043F47F0343F4004343F080039BB213802C
:10BB5000002318461437BD465DF8047B704780B457
:10BB600087B000AF786039603B685B78002B4CD0C1
:10BB70007A683B681B789B0013441B883B823B8A96
:10BB800003F04003002B1BD07A683B681B789B00B6
:10BB900013441B889BB223F4E04323F07003FB8122
:10BBA0007A683B681B789B001A44FB8943F07F430B
:10BBB00043F47F0343F4004343F0C0039BB213807C
:10BBC0003B68DB78012B6CD07A683B681B789B0064
:10BBD00013441B889BB223F4E04323F04003BB8152
:10BBE000BB8983F02003BB817A683B681B789B008C
:10BBF0001A44BB8943F07F4343F47F0343F400437B
:10BC000043F080039BB213804BE07A683B681B785B
:10BC10009B0013441B88FB82FB8A03F48043002BA8
:10BC20001BD07A683B681B789B0013441B889BB22F
:10BC300023F4E04323F07003BB827A683B681B78EF
:10BC40009B001A44BB8A43F07F4343F47F0343F4D1
:10BC5000404343F080039BB213807A683B681B78B3
:10BC60009B0013441B889BB223F4804323F0700392
:10BC70007B827B8A83F480537B827B8A83F40053AC
:10BC80007B827A683B681B789B001A447B8A43F06E
:10BC90007F4343F47F0343F4004343F080039BB2AC
:10BCA0001380002318461C37BD465DF8047B70479F
:10BCB00080B483B000AF78600B46FB70FB78002B3C
:10BCC00003D17B688022A3F84C20002318460C3750
:10BCD000BD465DF8047B704780B483B000AF7860E8
:10BCE0007B68B3F858309BB26FEA43436FEA534323
:10BCF0009AB27B68A3F85820002318460C37BD463B
:10BD00005DF8047B704780B485B000AF78607B68D5
:10BD1000B3F844309BB2FB60FB6818461437BD464D
:10BD20005DF8047B704780B48BB000AFF860B960F9
:10BD300011461A460B46FB801346BB80BB88013375
:10BD40005B08BB61FB687B61BB68FB61FA887B6950
:10BD5000134403F580633B62BB697B621CE0FB69B3
:10BD60001B787B82FB6901331B781BB21B021AB262
:10BD7000B7F9123013431BB27B823B6A7A8A1A806E
:10BD80003B6A02333B62FB690133FB61FB690133B0
:10BD9000FB617B6A013B7B627B6A002BDFD100BFCA
:10BDA00000BF2C37BD465DF8047B704780B48BB074
:10BDB00000AFF860B96011461A460B46FB80134687
:10BDC000BB80BB885B089BB2BB61FB687B61BB68C7
:10BDD000FB61FA887B69134403F580633B62BB69AE
:10BDE0007B6218E03B6A1B889BB23B613B6A023373
:10BDF0003B623B69DAB2FB691A70FB690133FB6194
:10BE00003B691B0ADAB2FB691A70FB690133FB61FB
:10BE10007B6A013B7B627B6A002BE3D1BB8803F02A
:10BE200001039BB2002B07D03B6A1B889BB23B618E
:10BE30003B69DAB2FB691A7000BF2C37BD465DF86A
:10BE4000047B704780B584B000AF78600B46FB7010
:10BE50004FF4077002F0A6F8F860FB68002B05D1DC
:10BE60007B680022C3F8BC22022366E07B68FA6884
:10BE7000C3F8BC227B681B7C002B19D14FF40073E4
:10BE800002228121786801F034FF7B6801221A8741
:10BE90004FF4007302220121786801F02AFF7B68C9
:10BEA0000122A3F878217B681022A3F84E2016E027
:10BEB000402302228121786801F01BFF7B68012268
:10BEC0001A87402302220121786801F012FF7B6863
:10BED0000122A3F878217B681022A3F84E200823C2
:10BEE00003228221786801F004FF7B680122A3F815
:10BEF0004C207B68D3F8C0321B689847FB6800224F
:10BF0000C3F81422FB680022C3F818227B681B7C4C
:10BF1000002B09D1FB68D3F804224FF400730121F0
:10BF2000786801F0D5FF07E0FB68D3F804224023CE
:10BF30000121786801F0CCFF002318461037BD4678
:10BF400080BD80B582B000AF78600B46FB70812168
:10BF5000786801F0F4FE7B6800221A870121786876
:10BF600001F0EDFE7B680022A3F878218221786839
:10BF700001F0E5FE7B680022A3F84C207B680022DC
:10BF8000A3F84E207B68D3F8BC32002B0ED07B6820
:10BF9000D3F8C0325B6898477B68D3F8BC32184648
:10BFA00002F00EF87B680022C3F8BC22002318467A
:10BFB0000837BD4680BD000080B586B000AF786010
:10BFC00039607B68D3F8BC323B6100237B7300236C
:10BFD0007B810023FB753B69002B01D10323AFE07C
:10BFE0003B681B7803F06003002B3FD0202B40F010
:10BFF0009F803B68DB88002B2ED03B681B785BB2B0
:10C00000002B16DA7B68D3F8C0329B683A68507808
:10C0100039693A68D28898473B68DB88072B28BF84
:10C020000723FB813B69FA891946786801F09FFA7A
:10C0300085E03B685A783B6983F800223B68DB88DF
:10C04000DAB23B6983F8012239693B68DB881A461A
:10C05000786801F0B8FA72E07B68D3F8C0329B6868
:10C060003A68507800223968984768E03B685B7806
:10C070000B2B52D801A252F823F000BFADC000082C
:10C0800029C100081BC100081BC100081BC1000812
:10C090001BC100081BC100081BC100081BC1000810
:10C0A0001BC10008D7C0000801C100087B6893F8D5
:10C0B0009C32DBB2032B07D107F10A030222194697
:10C0C000786801F054FA32E03968786801F0DEF9F6
:10C0D0000323FB752BE07B6893F89C32DBB2032BC8
:10C0E00007D107F10D0301221946786801F03FFAE4
:10C0F0001DE03968786801F0C9F90323FB7516E083
:10C100007B6893F89C32DBB2032B0FD039687868D8
:10C1100001F0BCF90323FB7508E03968786801F089
:10C12000B5F90323FB7502E000BF08E000BF06E09D
:10C130003968786801F0AAF90323FB7500BFFB7D1D
:10C1400018461837BD4680BD80B584B000AF786012
:10C150000B46FB707B68D3F8C432FB607B68D3F876
:10C16000BC32002B01D103234FE07B68D3F8BC32F3
:10C17000BB60FA78796813469B0013449B000B441C
:10C1800018331B68002B29D0FA78796813469B0076
:10C1900013449B000B4418331A68F978F8680B466F
:10C1A0009B000B44DB00034420331B68B2FBF3F11C
:10C1B00001FB03F3D31A002B10D1FA7879681346E8
:10C1C0009B0013449B000B44183300221A60F9783B
:10C1D00000230022786801F05AFE15E0BB680022B7
:10C1E000C3F814227B68D3F8C0321B69002B0BD034
:10C1F0007B68D3F8C0321B69BA68D2F80802BA6803
:10C2000002F50471FA789847002318461037BD46A6
:10C2100080BD80B584B000AF78600B46FB707B6852
:10C22000D3F8BC32FB607B68D3F8BC32002B01D161
:10C23000032315E0FB781946786801F06AFE024690
:10C24000FB68C3F80C227B68D3F8C032DB68FA685D
:10C25000D2F80402FA6802F50372114698470023E7
:10C2600018461037BD4680BD80B584B000AF7860F9
:10C270007B68D3F8BC32FB60FB68002B01D1032341
:10C280001AE07B68D3F8C032002B14D0FB6893F817
:10C290000032FF2B0FD07B68D3F8C0329B68FA685E
:10C2A00092F80002F968FA6892F801229847FB6850
:10C2B000FF2283F80022002318461037BD4680BDB8
:10C2C00080B483B000AF78607B6843221A80034B50
:10C2D00018460C37BD465DF8047B70479800002077
:10C2E00080B483B000AF78607B6843221A80034B30
:10C2F00018460C37BD465DF8047B7047540000209B
:10C3000080B483B000AF78607B6843221A80034B0F
:10C3100018460C37BD465DF8047B7047DC000020F2
:10C3200080B483B000AF78607B680A221A80034B28
:10C3300018460C37BD465DF8047B7047100000209E
:10C3400080B483B000AF786039603B68002B01D1C6
:10C35000032304E07B683A68C3F8C0220023184630
:10C360000C37BD465DF8047B704780B487B000AFE2
:10C37000F860B9607A60FB68D3F8BC327B617B6996
:10C38000002B01D1032308E07B69BA68C3F80822B7
:10C390007B697A68C3F81022002318461C37BD4613
:10C3A0005DF8047B704780B485B000AF7860396079
:10C3B0007B68D3F8BC32FB60FB68002B01D1032300
:10C3C00004E0FB683A68C3F80422002318461437D7
:10C3D000BD465DF8047B704780B584B000AF7860DF
:10C3E0007B68D3F8BC32FB607B68D3F8BC32002B8F
:10C3F00001D1032316E07B681B7C002B09D1FB686D
:10C40000D3F804224FF400730121786801F060FD35
:10C4100007E0FB68D3F8042240230121786801F08B
:10C4200057FD002318461037BD4680BD80B586B045
:10C4300000AFF860B9601346FB71FB68002B01D1B7
:10C4400003231FE0FB680022C3F8B822FB68002228
:10C45000C3F8C022FB680022C3F8CC22BB68002BC3
:10C4600003D0FB68BA68C3F8B422FB68012283F8E2
:10C470009C22FB68FA791A70F86801F0BFFB03464A
:10C48000FB75FB7D18461837BD4680BD80B584B06E
:10C4900000AF786039600023FB813B68002B01D13D
:10C4A000032316E07B683A68C3F8B8227B68D3F8A8
:10C4B000B832DB6A002B0BD07B68D3F8B832DB6A6A
:10C4C00007F10E021046984702467B68C3F8CC225B
:10C4D000002318461037BD4680BD80B582B000AF3E
:10C4E0007860786801F0EAFB034618460837BD46D5
:10C4F00080BD80B483B000AF7860002318460C374D
:10C50000BD465DF8047B704780B584B000AF7860AD
:10C510000B46FB700323FB737B68D3F8B832002B08
:10C5200009D07B68D3F8B8321B68FA78114678686E
:10C5300098470346FB73FB7B18461037BD4680BD0A
:10C5400080B582B000AF78600B46FB707B68D3F893
:10C55000B832002B07D07B68D3F8B8325B68FA7822
:10C56000114678689847002318460837BD4680BDB5
:10C5700080B584B000AF786039607B6803F2AA238D
:10C580003968184600F048FF7B680122C3F89422FE
:10C590007B68B3F8B0321A467B68C3F898227B6890
:10C5A00093F8AA3203F01F03022B1AD0022B22D8D1
:10C5B000002B02D0012B0AD01DE07B6803F2AA23D6
:10C5C0001946786800F0F0F90346FB7320E07B68B9
:10C5D00003F2AA231946786800F054FA0346FB7365
:10C5E00016E07B6803F2AA231946786800F093FAF4
:10C5F0000346FB730CE07B6893F8AA3223F07F03B9
:10C60000DBB21946786801F0B9FB0346FB7300BF43
:10C61000FB7B18461037BD4680BD80B586B000AFA5
:10C62000F8600B467A60FB72FB7A002B38D1FB680E
:10C6300003F5AA733B61FB68D3F89432032B4AD10C
:10C640003B699A683B69DB689A4213D93B699A68EF
:10C650003B69DB68D21A3B699A603B69DA683B69DF
:10C660009B68934228BF13461A467968F86800F021
:10C67000C7FF30E0FB6893F89C32DBB2032B0BD191
:10C68000FB68D3F8B8321B69002B05D0FB68D3F8E0
:10C69000B8321B69F8689847F86800F0C2FF1AE0E2
:10C6A000FB6893F89C32DBB2032B14D1FB68D3F800
:10C6B000B8329B69002B0ED0FB68D3F8B8329B6967
:10C6C000FA7A1146F86898470346FB75FB7D002B04
:10C6D00001D0FB7D00E0002318461837BD4680BD21
:10C6E00080B586B000AFF8600B467A60FB72FB7ACB
:10C6F000002B6BD1FB6814333B61FB68D3F8943299
:10C70000022B56D13B699A683B69DB689A4214D97F
:10C710003B699A683B69DB68D21A3B699A603B695E
:10C720009B681A467968F86800F03CFF00230022F5
:10C730000021F86801F0CCFB3BE03B69DA683B691B
:10C740009B689A421CD13B695A683B69DB689A42F4
:10C7500016D33B695A68FB68D3F898329A420FD2D5
:10C7600000220021F86800F01DFFFB680022C3F8DA
:10C770009822002300220021F86801F0A9FB18E0AC
:10C78000FB6893F89C32DBB2032B0BD1FB68D3F828
:10C79000B832DB68002B05D0FB68D3F8B832DB6811
:10C7A000F86898478021F86801F0E8FAF86800F026
:10C7B0004BFFFB6893F8A032012B22D1F868FFF7FA
:10C7C00098FEFB68002283F8A0221AE0FB6893F829
:10C7D0009C32DBB2032B14D1FB68D3F8B8325B690F
:10C7E000002B0ED0FB68D3F8B8325B69FA7A114699
:10C7F000F86898470346FB75FB7D002B01D0FB7D55
:10C8000000E0002318461837BD4680BD80B582B0D1
:10C8100000AF78607B68012283F89C227B6800224D
:10C82000C3F894227B6800225A607B680022C3F818
:10C83000A4227B68D3F8B832002B01D103232FE068
:10C840007B68D3F8BC32002B0FD07B68D3F8B832AA
:10C850005B68002B09D07B68D3F8B8325B687A68D4
:10C860005268D2B2114678689847402300220021CE
:10C87000786801F03EFA7B680122A3F864217B68A6
:10C880004022C3F86021402300228021786801F013
:10C8900030FA7B6801229A847B6840221A62002366
:10C8A00018460837BD4680BD80B483B000AF7860BD
:10C8B0000B46FB707B68FA781A74002318460C3715
:10C8C000BD465DF8047B704780B483B000AF7860EC
:10C8D0007B6893F89C32DAB27B6883F89D227B6890
:10C8E000042283F89C22002318460C37BD465DF8CD
:10C8F000047B704780B483B000AF78607B6893F8A6
:10C900009C32DBB2042B06D17B6893F89D32DAB2FD
:10C910007B6883F89C22002318460C37BD465DF8DF
:10C92000047B704780B582B000AF78607B68D3F835
:10C93000B832002B01D1032312E07B6893F89C32BC
:10C94000DBB2032B0BD17B68D3F8B832DB69002B49
:10C9500005D07B68D3F8B832DB6978689847002344
:10C9600018460837BD4680BD80B487B000AF7860F8
:10C970007B687B617B691B787B827B6901337B6190
:10C980007B691B783B82B7F910301B021AB2B7F9EA
:10C99000123013431BB2FB81FB8918461C37BD467E
:10C9A0005DF8047B7047000080B584B000AF78600C
:10C9B00039600023FB733B681B7803F06003402B56
:10C9C00005D0402B53D8002B0BD0202B4FD17B68A8
:10C9D000D3F8B8329B683968786898470346FB7388
:10C9E0004AE03B685B78092B3BD801A252F823F060
:10C9F00045CA000859CA000863CA00084FCA00089F
:10CA000063CA000823CA000819CA000863CA0008DC
:10CA10003BCA00082DCA00083968786800F0DEF9C2
:10CA200024E03968786800F06DFB1FE039687868A9
:10CA300000F0ACFB0346FB7318E03968786800F03F
:10CA40004BFC13E03968786800F07CFC0EE0396834
:10CA5000786800F0ABFC09E03968786800F0BAFC4F
:10CA600004E03968786800F011FD00BF04E039681F
:10CA7000786800F00BFD00BFFB7B18461037BD4601
:10CA800080BD00BF80B584B000AF786039600023FE
:10CA9000FB733B681B7803F06003402B05D0402BF1
:10CAA0002FD8002B01D0202B2BD17B6893F89C3200
:10CAB000DBB2013B022B1DD83B689B88DBB2012B0C
:10CAC00013D87B68D3F8B8329B6839687868984780
:10CAD0000346FB733B68DB88002B10D1FB7B002BEC
:10CAE0000DD1786800F09DFD09E03968786800F0A4
:10CAF000CDFC04E03968786800F0C8FC00E000BFB5
:10CB000004E03968786800F0C1FC00BFFB7B184680
:10CB10001037BD4680BD80B584B000AF7860396005
:10CB20000023FB733B689B88BB733B681B7803F057
:10CB30006003402B07D0402B00F24581002B0CD026
:10CB4000202B40F040817B68D3F8B8329B6839686D
:10CB5000786898470346FB733AE13B685B78032BA0
:10CB600007D0032B00F32981002B7FD0012B3CD071
:10CB700023E17B6893F89C32DBB2022B02D0032BBB
:10CB800016D02CE0BB7B002B0DD0BB7B802B0AD0BA
:10CB9000BB7B1946786801F0F1F88021786801F0D4
:10CBA000EDF800BF20E03968786800F06FFC1BE00A
:10CBB0003B685B88002B0ED1BB7B002B0BD0BB7B73
:10CBC000802B08D03B68DB88002B04D1BB7B194647
:10CBD000786801F0D3F8786800F023FD04E0396844
:10CBE000786800F053FC00BFECE07B6893F89C325F
:10CBF000DBB2022B02D0032B16D030E0BB7B002B24
:10CC00000DD0BB7B802B0AD0BB7B1946786801F026
:10CC1000B5F88021786801F0B1F800BF25E03968E7
:10CC2000786800F033FC20E03B685B88002B1BD168
:10CC3000BB7B03F07F03002B04D0BB7B19467868D5
:10CC400001F0BBF8786800F0ECFC7B68D3F8B832F0
:10CC50009B683968786898470346FB7304E0396835
:10CC6000786800F013FC00E000BFABE07B6893F84D
:10CC70009C32DBB2022B02D0032B32D097E0BB7B7D
:10CC8000002B07D0BB7B802B04D03968786800F07C
:10CC9000FDFB91E097F90E30002B0BDABB7B03F024
:10CCA0007F0213469B0013449B0010337A681344A1
:10CCB00004330BE0BB7B03F07F0213469B0013445D
:10CCC0009B0003F5A8737A6813440433BB60BB6808
:10CCD00000221A60BB6802221946786800F047FCFF
:10CCE0006AE097F90E30002B11DABB7B03F00F02DC
:10CCF000796813469B0013449B000B4424331B8824
:10CD0000002B17D13968786800F0C0FB54E0BB7B7A
:10CD100003F00F02796813469B0013449B000B44F9
:10CD200003F5B2731B88002B04D13968786800F0D2
:10CD3000ADFB41E097F90E30002B0BDABB7B03F023
:10CD40007F0213469B0013449B0010337A68134400
:10CD500004330BE0BB7B03F07F0213469B001344BC
:10CD60009B0003F5A8737A6813440433BB60BB7B54
:10CD7000002B02D0BB7B802B03D1BB6800221A6042
:10CD80000EE0BB7B1946786801F036F80346002BAD
:10CD900003D0BB6801221A6002E0BB6800221A605F
:10CDA000BB6802221946786800F0E1FB04E03968AC
:10CDB000786800F06BFB00BF04E03968786800F029
:10CDC00065FB00BF04E03968786800F05FFB00BFD6
:10CDD000FB7B18461037BD4680BD000080B584B08F
:10CDE00000AF7860396000233B810023FB600023A3
:10CDF000FB723B685B881B0A9BB2013B0E2B00F267
:10CE0000528101A252F823F079CE000891CE000899
:10CE1000D1CE0008A7D00008A7D0000847D000084E
:10CE200073D00008A7D00008A7D00008A7D000083A
:10CE3000A7D00008A7D00008A7D00008A7D00008F6
:10CE400045CE00087B68D3F8B432DB69002B0BD0E9
:10CE50007B68D3F8B432DB697A68127C07F1080189
:10CE600010469847F86026E13968786800F00EFBB4
:10CE7000FB7A0133FB721EE17B68D3F8B4321B6886
:10CE80007A68127C07F1080110469847F86012E1B1
:10CE90007B681B7C002B0DD17B68D3F8B8329B6A72
:10CEA00007F1080210469847F860FB680133022238
:10CEB0001A7000E17B68D3F8B832DB6A07F1080228
:10CEC00010469847F860FB68013302221A70F2E0BE
:10CED0003B685B88DBB2052B00F2AC8001A252F804
:10CEE00023F000BFFDCE000831CF000865CF000859
:10CEF00099CF0008CDCF000801D000087B68D3F897
:10CF0000B4325B68002B0BD07B68D3F8B4325B681B
:10CF10007A68127C07F1080110469847F86091E0A2
:10CF20003968786800F0B2FAFB7A0133FB7289E065
:10CF30007B68D3F8B4329B68002B0BD07B68D3F8A6
:10CF4000B4329B687A68127C07F108011046984752
:10CF5000F86077E03968786800F098FAFB7A013376
:10CF6000FB726FE07B68D3F8B432DB68002B0BD028
:10CF70007B68D3F8B432DB687A68127C07F1080169
:10CF800010469847F8605DE03968786800F07EFAEE
:10CF9000FB7A0133FB7255E07B68D3F8B4321B692E
:10CFA000002B0BD07B68D3F8B4321B697A68127CF3
:10CFB00007F1080110469847F86043E0396878683F
:10CFC00000F064FAFB7A0133FB723BE07B68D3F834
:10CFD000B4325B69002B0BD07B68D3F8B4325B6949
:10CFE0007A68127C07F1080110469847F86029E03A
:10CFF0003968786800F04AFAFB7A0133FB7221E065
:10D000007B68D3F8B4329B69002B0BD07B68D3F8D4
:10D01000B4329B697A68127C07F108011046984780
:10D02000F8600FE03968786800F030FAFB7A013375
:10D03000FB7207E03968786800F028FAFB7A013360
:10D04000FB7200BF37E07B681B7C002B09D17B683B
:10D05000D3F8B8325B6B07F1080210469847F860C6
:10D0600029E03968786800F011FAFB7A0133FB7225
:10D0700021E07B681B7C002B0DD17B68D3F8B83294
:10D080001B6B07F1080210469847F860FB680133F4
:10D0900007221A700FE03968786800F0F7F9FB7A18
:10D0A0000133FB7207E03968786800F0EFF9FB7A2A
:10D0B0000133FB7200BFFB7A002B1ED13B68DB887B
:10D0C000002B16D03B89002B0ED03B68DA883B89B9
:10D0D000934228BF13469BB23B813B891A46F968AD
:10D0E000786800F044FA09E03968786800F0CEF911
:10D0F00004E0786800F095FA00E000BF1037BD4604
:10D1000080BD00BF80B584B000AF786039603B68F7
:10D110009B88002B31D13B68DB88002B2DD13B68ED
:10D120005B887F2B29D83B685B88DBB203F07F03E9
:10D13000FB737B6893F89C32DBB2032B04D1396814
:10D14000786800F0A3F91DE07B68FA7B83F89E22E3
:10D15000FB7B1946786800F07BFE786800F061FA86
:10D16000FB7B002B04D07B68022283F89C2209E021
:10D170007B68012283F89C2204E03968786800F01B
:10D1800085F900BF00BF1037BD4680BD80B584B0B3
:10D1900000AF786039600023FB733B685B88DAB2CC
:10D1A0004C4B1A704B4B1B78012B05D939687868AA
:10D1B00000F06CF9032388E07B6893F89C32DBB2C3
:10D1C000022B02D0032B25D071E0424B1B78002BA1
:10D1D0001CD0404B1B781A467B685A603D4B1B782D
:10D1E00019467868FFF790F90346FB73FB7B002B29
:10D1F00004D03968786800F049F965E0786800F093
:10D2000010FA7B68032283F89C225DE0786800F0C6
:10D2100008FA59E02F4B1B78002B12D17B680222B1
:10D2200083F89C222B4B1B781A467B685A60294B4B
:10D230001B7819467868FFF783F9786800F0F1F9F0
:10D2400042E0244B1B781A467B685B689A422AD0DE
:10D250007B685B68DBB219467868FFF771F91D4B94
:10D260001B781A467B685A601A4B1B7819467868F7
:10D27000FFF74AF90346FB73FB7B002B0FD039689D
:10D28000786800F003F97B685B68DBB21946786860
:10D29000FFF756F97B68022283F89C2214E0786835
:10D2A00000F0BFF910E0786800F0BBF90CE03968D5
:10D2B000786800F0EBF8074B1B7819467868FFF7A1
:10D2C0003FF90323FB7300BFFB7B18461037BD46B5
:10D2D00080BD00BF3C09002080B582B000AF7860FF
:10D2E00039603B68DB88012B04D03968786800F02E
:10D2F000CDF823E07B6893F89C32DBB2022B02DC92
:10D30000002B03DC15E0032B0BD012E07B6800221E
:10D310009A607B68083301221946786800F027F983
:10D320000CE07B68043301221946786800F01FF98D
:10D3300004E03968786800F0A9F800BF00BF08373A
:10D34000BD4680BD80B582B000AF786039607B6833
:10D3500093F89C32DBB2013B022B1ED83B68DB8882
:10D36000022B04D03968786800F090F81AE07B68E6
:10D370000122DA607B68D3F8A432002B05D07B68E9
:10D38000DB6843F002027B68DA607B680C330222C0
:10D390001946786800F0EBF804E03968786800F026
:10D3A00075F800BF00BF0837BD4680BD80B582B0AC
:10D3B00000AF786039603B685B88012B06D17B68E1
:10D3C0000122C3F8A422786800F02BF900BF0837C7
:10D3D000BD4680BD80B582B000AF786039607B68A3
:10D3E00093F89C32DBB2013B022B0BD83B685B8885
:10D3F000012B0CD17B680022C3F8A422786800F0CE
:10D4000010F904E03968786800F040F800E000BFE7
:10D4100000BF0837BD4680BD80B584B000AF7860DE
:10D4200039603B68FB60FB681A787B681A70FB68A0
:10D430000133FB60FB681A787B685A70FB68013324
:10D44000FB60F868FFF790FA03461A467B685A803B
:10D45000FB680133FB60FB680133FB60F868FFF792
:10D4600083FA03461A467B689A80FB680133FB60A7
:10D47000FB680133FB60F868FFF776FA03461A464B
:10D480007B68DA8000BF1037BD4680BD80B582B0B2
:10D4900000AF786039608021786800F06FFC00216F
:10D4A000786800F06BFC00BF0837BD4680BD80B5D2
:10D4B00086B000AFF860B9607A600023FB75FB6846
:10D4C000002B36D0FB683B61386900F036F8034624
:10D4D00001339BB25B009AB27B681A80FB7DBA680D
:10D4E00013447A6812781A70FB7D0133FB75FB7D5B
:10D4F000BA68134403221A70FB7D0133FB7513E0F5
:10D50000FB7DBA6813443A6912781A703B6901339B
:10D510003B61FB7D0133FB75FB7DBA681344002240
:10D520001A70FB7D0133FB753B691B78002BE7D13B
:10D5300000E000BF1837BD4680BD80B485B000AFA5
:10D5400078600023FB737B68BB6005E0FB7B0133E5
:10D55000FB73BB680133BB60BB681B78002BF5D144
:10D56000FB7B18461437BD465DF8047B704780B5D9
:10D5700084B000AFF860B9607A60FB680222C3F83B
:10D580009422FB687A689A61FB687A68DA617B6842
:10D59000BA680021F86800F07AFC002318461037BA
:10D5A000BD4680BD80B584B000AFF860B9607A60D8
:10D5B0007B68BA680021F86800F069FC002318460F
:10D5C0001037BD4680BD80B584B000AFF860B9604B
:10D5D0007A60FB680322C3F89422FB687A68C3F878
:10D5E0005821FB687A68C3F85C217B68BA6800211F
:10D5F000F86800F06DFC002318461037BD4680BD6A
:10D6000080B584B000AFF860B9607A607B68BA68B2
:10D610000021F86800F05CFC002318461037BD4676
:10D6200080BD80B582B000AF78607B680422C3F80B
:10D630009422002300220021786800F028FC0023B7
:10D6400018460837BD4680BD80B582B000AF78600F
:10D650007B680522C3F89422002300220021786809
:10D6600000F036FC002318460837BD4680BD000098
:10D6700080B500AF002212491248FEF7D7FE0346DC
:10D68000002B01D0F5F77CF80F490E48FEF7FEFE9F
:10D690000346002B01D0F5F773F80C490948FEF753
:10D6A0004FFE0346002B01D0F5F76AF80548FEF758
:10D6B00014FF0346002B01D0F5F762F800BF80BDD0
:10D6C00034010020400900201C000020200100201F
:10D6D00080B500AF002205490548FEF746FE054922
:10D6E0000348FEF760FE0023184680BD101400209A
:10D6F00040090020100C002080B400AF0023184621
:10D70000BD465DF8047B704780B483B000AF03462C
:10D710003960FB711346BB80FB79232B4AD801A2E9
:10D7200052F823F0B5D70008B5D70008B5D70008E0
:10D73000B5D70008B5D70008B5D70008B5D7000899
:10D74000B5D70008B5D70008B5D70008B5D7000889
:10D75000B5D70008B5D70008B5D70008B5D7000879
:10D76000B5D70008B5D70008B5D70008B5D7000869
:10D77000B5D70008B5D70008B5D70008B5D7000859
:10D78000B5D70008B5D70008B5D70008B5D7000849
:10D79000B5D70008B5D70008B5D70008B5D7000839
:10D7A000B5D70008B5D70008B5D70008B5D7000829
:10D7B000B5D7000800BF002318460C37BD465DF8FA
:10D7C000047B704780B582B000AF786039607968BB
:10D7D0000548FEF7E8FD0448FEF7FEFD0023184665
:10D7E0000837BD4680BD00BF4009002080B487B027
:10D7F00000AFF860B9601346FB710023FB7597F921
:10D80000173018461C37BD465DF8047B7047000092
:10D8100080B483B000AF03463960FB713B681222CD
:10D820001A80034B18460C37BD465DF8047B7047E1
:10D830005401002080B483B000AF03463960FB710F
:10D840003B6804221A80034B18460C37BD465DF82E
:10D85000047B70476801002080B582B000AF0346AA
:10D860003960FB71FB79002B05D13A6807490848FC
:10D87000FFF71DFE04E03A6804490548FFF717FE6C
:10D88000024B18460837BD4680BD00BF101C002063
:10D89000E82C010880B582B000AF03463960FB7107
:10D8A0003A6804490448FFF702FE024B184608375D
:10D8B000BD4680BD101C0020002D010880B582B03F
:10D8C00000AF03463960FB713B681A221A8000F0F2
:10D8D00043F8024B18460837BD4680BD6C01002056
:10D8E00080B582B000AF03463960FB71FB79002B35
:10D8F00005D13A6807490848FFF7D9FD04E03A68BE
:10D9000004490548FFF7D3FD024B18460837BD46CA
:10D9100080BD00BF101C0020142D010880B582B00E
:10D9200000AF03463960FB71FB79002B05D13A68E3
:10D9300007490848FFF7BBFD04E03A680449054879
:10D94000FFF7B5FD024B18460837BD4680BD00BF46
:10D95000101C0020202D010880B584B000AF0F4BB3
:10D960001B68FB600E4B1B68BB600E4B1B687B602B
:10D97000FA687B681344FB60FB68002B09D008221F
:10D980000949F86800F014F804220849B86800F062
:10D990000FF800BF1037BD4680BD00BF9075FF1F58
:10D9A0009475FF1F9875FF1F6E0100207E010020F7
:10D9B00080B487B000AFF860B9601346FB710023F4
:10D9C000FB750023FB7527E0FB681B0F092B0BD8A9
:10D9D000FB681B0FDAB2FB7D5B001946BB680B448A
:10D9E0003032D2B21A700AE0FB681B0FDAB2FB7D4C
:10D9F0005B001946BB680B443732D2B21A70FB6821
:10DA00001B01FB60FB7D5B000133BA6813440022FD
:10DA10001A70FB7D0133FB75FA7DFB799A42D3D3F3
:10DA200000BF00BF1C37BD465DF8047B7047000097
:10DA300080B598B000AF786007F10C035422002144
:10DA4000184602F08DF87B681B68154A934222D174
:10DA50004FF40053FB600023BB6407F10C0318462E
:10DA6000F8F7A6FD0346002B01D0F4F789FE0D4B15
:10DA70009B6D0C4A43F4000393650A4B9B6D03F4C2
:10DA80000003BB60BB68002200211420F5F797FE5D
:10DA90001420F5F7AEFE00BF6037BD4680BD00BF65
:10DAA000005C00400010024080B582B000AF78609A
:10DAB0007B68D3F8D8227B6803F526731946104695
:10DAC000FEF756FD00BF0837BD4680BD80B582B069
:10DAD00000AF78600B46FB707B68D3F8D802FA7809
:10DAE000796813469B001344DB000B4403F5B273C3
:10DAF0001A68FB781946FEF790FD00BF0837BD464F
:10DB000080BD80B582B000AF78600B46FB707B684B
:10DB1000D3F8D802FA78796813469B001344DB00E7
:10DB20000B4424331A68FB781946FEF7D9FD00BF71
:10DB30000837BD4680BD80B582B000AF78607B6895
:10DB4000D3F8D8321846FEF7EDFE00BF0837BD46C1
:10DB500080BD80B584B000AF78600123FB737B6823
:10DB60005B79022B01D0F4F70BFE7B68D3F8D83237
:10DB7000FA7B11461846FEF797FE7B68D3F8D83239
:10DB80001846FEF743FE00BF1037BD4680BD0000BB
:10DB900080B582B000AF78607B68D3F8D832184681
:10DBA000FEF792FE7B685B7A002B05D0044B1B6965
:10DBB000034A43F00603136100BF0837BD4680BD2A
:10DBC00000ED00E080B582B000AF78607B685B7AE2
:10DBD000002B07D0084B1B69074A23F0060313618B
:10DBE00000F0F8F97B68D3F8D8321846FEF782FEC9
:10DBF00000BF0837BD4680BD00ED00E080B582B0B3
:10DC000000AF78602B4A7B68C2F8D8327B68294A1B
:10DC1000C3F8C422274B284A1A60264B08221A71DF
:10DC2000244B02225A71234B0222DA71214B00222B
:10DC30001A72204B00225A721E4B00229A721D4B00
:10DC40000022DA721B48F6F789F90346002B01D04F
:10DC5000F4F796FD7B68D3F8C40218230022002154
:10DC6000F7F757FE7B68D3F8C402582300228021BF
:10DC7000F7F74FFE7B68D3F8C402C023002281214E
:10DC8000F7F747FE7B68D3F8C4024FF4887300228D
:10DC90000121F7F73EFE7B68D3F8C4024FF480738E
:10DCA00000228221F7F735FE002318460837BD46CB
:10DCB00080BD00BF101E0020005C004080B584B015
:10DCC00000AF78600023FB730023BB737B68D3F83D
:10DCD000C4321846F6F710FA0346FB73FB7B18466E
:10DCE00000F07EF90346BB73BB7B18461037BD4678
:10DCF00080BD80B584B000AF7860084611461A46F2
:10DD00000346FB700B46BB7013463B800023FB733E
:10DD10000023BB737B68D3F8C402BB783A88F978D8
:10DD2000F6F757FB0346FB73FB7B184600F058F9E8
:10DD30000346BB73BB7B18461037BD4680BD80B51C
:10DD400084B000AF78600B46FB700023FB730023A8
:10DD5000BB737B68D3F8C432FA7811461846F6F7DD
:10DD600097FB0346FB73FB7B184600F039F903462B
:10DD7000BB73BB7B18461037BD4680BD80B584B0F1
:10DD800000AF78600B46FB700023FB730023BB736E
:10DD90007B68D3F8C432FA7811461846F6F740FC8F
:10DDA0000346FB73FB7B184600F01AF90346BB736E
:10DDB000BB7B18461037BD4680BD80B584B000AF30
:10DDC00078600B46FB700023FB730023BB737B68FA
:10DDD000D3F8C432FA7811461846F6F773FC0346B6
:10DDE000FB73FB7B184600F0FBF80346BB73BB7B61
:10DDF00018461037BD4680BD80B485B000AF78604E
:10DE00000B46FB707B68D3F8C432FB6097F9033094
:10DE1000002B0BDAFB7803F07F02F96813469B00B6
:10DE20001344DB000B4412331B780BE0FB7803F048
:10DE30007F02F96813469B001344DB000B4403F593
:10DE4000A9731B7818461437BD465DF8047B7047EC
:10DE500080B584B000AF78600B46FB700023FB7385
:10DE60000023BB737B68D3F8C432FA781146184696
:10DE7000F6F78BFA0346FB73FB7B184600F0B0F80D
:10DE80000346BB73BB7B18461037BD4680BD80B5CB
:10DE900086B000AFF8607A603B600B46FB720023EF
:10DEA000FB750023BB75FB68D3F8C402F97A3B68A5
:10DEB0007A68F6F77EFB0346FB75FB7D184600F09B
:10DEC0008FF80346BB75BB7D18461837BD4680BD2D
:10DED00080B586B000AFF8607A603B600B46FB729D
:10DEE0000023FB750023BB75FB68D3F8C402F97AE5
:10DEF0003B687A68F6F714FB0346FB75FB7D184612
:10DF000000F06EF80346BB75BB7D18461837BD465A
:10DF100080BD80B582B000AF78600B46FB707B6837
:10DF2000D3F8C432FA7811461846F6F72AFB0346AE
:10DF300018460837BD4680BD80B582B000AF786016
:10DF40000B46FB70FB78002B02D0012B13D023E093
:10DF50007B685B7A002B07D000F03CF8104B1B6904
:10DF60000F4A23F0060313617B68D3F8D8321846B2
:10DF7000FEF7C0FC10E07B68D3F8D8321846FEF7F5
:10DF8000A3FC7B685B7A002B05D0054B1B69044A18
:10DF900043F00603136100BF00BF0837BD4680BDD4
:10DFA00000ED00E080B483B000AF7860034B18460A
:10DFB0000C37BD465DF8047B704700BFEC200020A5
:10DFC00080B483B000AF786000BF0C37BD465DF809
:10DFD000047B704780B500AFF4F704F800BF80BD44
:10DFE00080B485B000AF0346FB710023FB73FB795F
:10DFF000032B17D801A252F823F000BF0DE0000850
:10E0000013E0000819E000081FE000080023FB737C
:10E010000BE00323FB7308E00123FB7305E00323FC
:10E02000FB7302E00323FB7300BFFB7B184614372E
:10E03000BD465DF8047B704770B504460D4645EC5F
:10E04000104B164603F084FC51EC100B7EB1C5F367
:10E050000A53C3F16B03002B09DD1B0503F17F5548
:10E06000002405F5401522462B46F2F7EDFA41EC67
:10E07000100B70BD000000002DE9F04F9DB00E4662
:10E0800015920022049018924FF000084FF00009FA
:10E0900017910A782B2A0D4601F101011DD00BD8EA
:10E0A0000D2A06D8082AF3D87AB100230B939A4692
:10E0B00083E0202AECD0F8E72D2A10D10122691C38
:10E0C00017910B926A78002A37D1159B1796002B6F
:10E0D00040F0958542464B462AE00022EFE70021BA
:10E0E0000B91302A40F09B806A7802F0DF02582AB8
:10E0F0005AD102930B9B019318AB0093814A049869
:10E1000019AB17A902F00EFD10F00F06044605D05A
:10E11000062E14D10135002317950B93159B002B68
:10E1200040F06F850B9B002BD4D0424609F1004391
:10E1300043EC102B1DB0BDE8F08F0D46D1E7189AC7
:10E140003AB135211AA803F0FDFC1899049803F0A0
:10E15000C3F8013E042E06D8DFE806F014031E21A2
:10E160001400DDE91A89E00548BF49F0004929F0AB
:10E1700000431B0D1B05002BD0D101F055FD2223C0
:10E180000360CBE7DDE91A83199A23F4801302F2C6
:10E19000334243EA0259E6E7DFF87091E3E76FF0B4
:10E1A00000494FF0FF38DEE7013517952B78302B0B
:10E1B000FAD0002BB2D04FF0010A00272B460E9761
:10E1C000BB460A21184613F8014BA4F13002092A74
:10E1D00028D94D49012201F0CBFC002834D0002081
:10E1E000CDE9060022465C46652A01D0452A14D1B5
:10E1F00024B95AEA00033FF468AF0024179E731C49
:10E20000179372782B2A73D02D2A77D04FF0000CF9
:10E21000A2F13003092B7FD9179600239EE04FF01F
:10E22000000ACAE7BBF1080FD8BF0E9A1793DBBFED
:10E2300001FB0242303A01FB07420E92C8BFA2F135
:10E2400030070BF1010BBDE7179B5A1C17925A7848
:10E25000BBF1000F33D006905C46A2F13003092BCE
:10E2600012D901230793BFE7179B5A1C17925A78BC
:10E270000130302AF8D0A2F13103082B00F2C68415
:10E280000690179D00200446303A00F1010310D09B
:10E2900006991944069120440A23A04211D1082866
:10E2A00000F1010419DC0E990A2303FB01230E93EC
:10E2B0000023179A511C179152781846CDE75846FB
:10E2C000D7E7082C04F1010403DC0E9959430E91A1
:10E2D000E3E7102CD8BF5F43DFE70F28DCBF0A233A
:10E2E00003FB0727E4E700210123CDE9061380E7BC
:10E2F0004FF0000CB31C1793B27889E74FF0010C74
:10E30000F8E700BF5C2F0108702D01080000F07FC6
:10E31000179B5A1C17925A78302AF9D0A2F1310370
:10E32000082B3FF67AAF179B0593A2F1300E01330D
:10E3300017931A78A2F1300109293CD905995B1A83
:10E34000082B44F61F633CDC9E457146A8BF194666
:10E350000591BCF1000F02D0059B5B420593002C98
:10E3600050D15AEA00007FF4D9AE079B002B7FF40E
:10E37000ACAE692A29D026DC492A26D04E2A7FF461
:10E38000A4AEA14917A802F0EFFD00283FF49DAE0E
:10E39000179B1B78282B2FD19C491AAA17A802F08B
:10E3A000F7FD052828D11B9BDDF8688043F0FF4965
:10E3B00049F4E009B2E60A2101FB0E22A2F1300E77
:10E3C000B5E70593C5E76E2AD9E7914917A802F08A
:10E3D000CBFD00283FF479AE179B8E49013B17A86F
:10E3E000179302F0C1FD10B9179B01331793DFF8A3
:10E3F00034924FF0000891E6874801F051FC59EC47
:10E40000108B8BE6DDE905320E989B1ABBF1000FED
:10E4100008BFA346102C0A93A246A8BF4FF0100ACB
:10E42000F2F798F8092C8046894613DC0A9B002BEA
:10E430003FF474AE0A9B73DD162B5ADC774901EB6F
:10E44000C301D1E9000142464B46F2F7FDF8804690
:10E45000894663E6714B03EBCA0353E91223F2F7D3
:10E46000F3F8804638468946F2F774F802460B46C0
:10E4700040464946F1F732FF0F2C80468946D5DDEC
:10E480000A9BA4EB0A0A9A44BAF1000F40F3978062
:10E490002AF00F061AF00F0A51D1B6F59A7F5EDC0A
:10E4A0000023DFF87CA13611404649461F46012E65
:10E4B00079D10BB1804689465949A9F1547901EBCC
:10E4C000C70142464B46D1E90001F2F7BDF8554B72
:10E4D0000A460B4054498B42804640D8A1F5801132
:10E4E0008B4286BFDFF844914FF0FF3802F1547938
:10E4F00032E00A9AC4F125039342C1DB474DC4F1CF
:10E500000F0405EBC40142464B46D1E90001F2F786
:10E510009BF80A9B1C1B05EBC405D5E9002394E777
:10E520001633ADDBDDE905239A1A3C4B03EBC2033E
:10E53000D3E9002340464946F2F7B0F987E7374967
:10E5400001EBCA0142464B46D1E90001F2F77CF8E3
:10E5500080468946002EA0D100230793A0E0002426
:10E5600005940E940694049ADFF8B8902223136061
:10E570004FF000080E9B002B3FF4D0AD1899049883
:10E5800002F0AAFE0699049802F0A6FEDDE9040155
:10E5900002F0A2FE0E99049802F09EFE0498214615
:10E5A00002F09AFEBAE5F20704D5DAE90023F2F7A1
:10E5B0004BF80123013776100AF1080A77E7CBD030
:10E5C000CAF1000A4FEA2A161AF00F0A0DD11F2EBF
:10E5D0002EDD002405940E940694049A22234FF015
:10E5E00000084FF000091360C4E70C4B03EBCA03AB
:10E5F00040464946D3E90023F2F750F98046894660
:10E60000002EA9D0E3E700BF7F2D0108482F0108A5
:10E61000772D0108F22D0108EE2D0108D02F0108F9
:10E62000A82F01080000F07F0000A07CFFFFEF7F13
:10E6300016F0100318BF6A23764F079340464946E9
:10E640000023F20704D5D7E90023F1F7FDFF0123EA
:10E65000761007F10807F4D10BB180468946079B75
:10E66000B3B1C9F30A52C2F16B03002B49460FDD67
:10E670001F2B57DD342BDEBF4FF0FF33C2F14B02AF
:10E6800093404FF00008CCBF4FF05C7903EA0109DA
:10E690000022002340464946F2F73EFA002898D16E
:10E6A0000E9B0093049823465A46294602F07CFEAE
:10E6B0000E9000283FF453AFDDE905239B1A0A9A18
:10E6C000002AA8BF00231293002422EAE2731493C5
:10E6D00005940E9B0498596802F0C0FD069000282E
:10E6E0003FF441AF0E9B1A69023203F10C01920014
:10E6F0000C3001F0C6FA49EC108B04981AAA19A93B
:10E70000CDE90C8903F094F9189000283FF42BAF61
:10E710000498012102F0DEFE0590034648B900236B
:10E72000059320E74FF0FF3202FA03F303EA0808EB
:10E73000AEE7199D1A9A002DABBF129B149B149E35
:10E74000129FACBFEF185E1B079BED1A1544324BAE
:10E75000013D9D42C2F136024FDA5B1B1F2BA2EB3B
:10E7600003024FF001013CDC01FA03FA4FF0000B09
:10E77000BD18079BAF4216441E443B46A8BF2B461C
:10E78000B342A8BF3346002BC2BFED1AF61AFF1AD8
:10E79000129B002B16DDDDE904011A4602F05AFF38
:10E7A00005900028BBD00146189A049802F0A8FEF4
:10E7B0000F9000283FF4D7AE1899049802F08CFD12
:10E7C0000F9B1893002D1BDC0A9B002B26DD149A4F
:10E7D0000699049802F03EFF0690F8B900230693CC
:10E7E000C1E6C5F17F4505F57F0505F57B45E235B9
:10E7F00001FA05FB4FF0010ABAE74FF0000BF9E709
:10E80000189904982A4602F081FF18900028DBD15D
:10E81000A9E600BF702F010802FCFFFF002E07DDF4
:10E8200006990498324602F071FF06900028D5D070
:10E83000002F08DDDDE904013A4602F067FF05908C
:10E8400000283FF490AE069A1899049802F0E8FF69
:10E85000044600283FF487AEC3680F930023059950
:10E86000C36002F0C1FF00283CDA0F9B53EA0803A3
:10E870005ED1C9F313034D46002B59D129F0004353
:10E880001B0D1B05B3F1D66F52D9636913B9236908
:10E89000012B4DDD21460122049802F037FF059936
:10E8A000044602F0A1FF002842DDAD4B079A2B4041
:10E8B000002A5FD0B3F1D66F5CD8B3F15C7F7FF6EE
:10E8C0008CAEA84B404649460022F1F7BDFEA44B52
:10E8D0000B4080468946002B7FF450AE049A2223D9
:10E8E00013604BE64D4662D10F9AC9F3130342B34E
:10E8F0009D4A934228D1079B4146EBB1984B2B4050
:10E90000B3F1D46F4FF0FF3219D81B0DC3F16B0375
:10E9100002FA03F3994217D1944B9D4202D101317F
:10E920003FF421AE8E4B2B4003F580194FF00008C9
:10E93000079B002BC5D121E64FF0FF33EAE71346D2
:10E94000E8E753EA0803B0D0BBF1000F1BD01BEA85
:10E95000050FEDD00F9B079A40464946B3B1FFF72C
:10E960006BFBDDE90C0153EC102BF1F7B7FC804693
:10E970008946DDE7A3F580136FEA13596FEA095959
:10E980004FF0FF38D4E71AEA080FE2E7FFF754FB2D
:10E99000DDE90C0153EC102BF1F79EFC0022002363
:10E9A00080468946F2F7B8F80028C1D015E60599E7
:10E9B000204603F095F857EC106B00224FF080438F
:10E9C00030463946F2F7BCF8002870D00F9B002B78
:10E9D0007BD1B8F1000F56D1C9F31303002B58D1E6
:10E9E000634B002230463946F2F7A0F8002859D18F
:10E9F000604B002230463946F1F726FE82468B46B0
:10EA00000BF10043CDF820A00993554B544A2B40FD
:10EA10001393594B2A409A42DDE9086740F0B080D1
:10EA2000A5F1547949EC108B02F092FFDDE908233F
:10EA300051EC100BF1F708FE42464B46F1F74EFC45
:10EA4000474D4E4A0D409542804645D90D9A474B59
:10EA50009A4203D10C9B01333FF485ADDFF80C9152
:10EA60004FF0FF381899049802F036FC0699049884
:10EA700002F032FCDDE9040102F02EFC049821468C
:10EA800002F02AFC25E6B8F1010F02D1002D3FF477
:10EA9000A4AD9FED2B7BDFF8D8B08DED087B4FF058
:10EAA000000AB2E7DFF8CCB04FF0000AA8E7314B1C
:10EAB000002230463946F1F7C7FD0F9B82468B4650
:10EAC000002B9DD0CDE908AB9FE79FED1F7B8DED1F
:10EAD000087B5BEC17AB98E701F15479079B002B9F
:10EAE000C0D129F00043139A1B0D1B059A42B9D1DE
:10EAF00050465946F2F708F9F1F778FD02460B4601
:10EB000050465946F1F7E8FB0F9AC9F3130343EA5D
:10EB10000803134306460F466BD00DA3D3E9002329
:10EB2000F2F704F800287FF429AD0BA3D3E9002302
:10EB300030463946F2F718F8002893D01EE500BF9A
:10EB4000000000000000F0BF000000000000F03FE7
:10EB50009535A094FFFFDF3F35E5AF350000E03F7E
:10EB60000000F07F00005039FFFF0F00FFFFEF7F34
:10EB70000000F03F0000E03F0000E07FFFFF9F7CCF
:10EB8000079B13B3139BB3F1D46F1ED824A3D3E90F
:10EB9000002350465946F1F7D3FF90B159465046ED
:10EBA000F2F72AF8012838BF0120F1F7D3FC0F9BB8
:10EBB00082468B46D3B901F1004310901193DDE9F1
:10EBC0001067139A07F1D6639F1A9DED0C0B02F0A4
:10EBD000BFFE304653EC102B3946F1F735FDDDE929
:10EBE0000C23F1F77BFB8046894677E7CDE910AB34
:10EBF000E5E70DA3D3E90023F1F798FF9CE7002395
:10EC00000B93159A179B1360FFF78CBA652A3FF494
:10EC10006AAB452A3FF467AB01230793FFF7A1BB1B
:10EC20000000C0FFFFFFDF419535A094FFFFCF3FFD
:10EC3000014BFFF721BA00BF940100202DE9FF47E7
:10EC400057EC106B002F0C4619463B46BBBF07F133
:10EC500000431F4600232D230B700D9BDDF830A0D1
:10EC6000914623F02008BCBF32461646B8F1460F45
:10EC700005D0B8F1450F00D10134022100E0032195
:10EC800003AB019302AB009347EC106B5346224653
:10EC900001F0BAF8B8F1470F054619D119F0010F84
:10ECA0000ED000EB04090022002330463946F1F76C
:10ECB00033FF08B1CDF80C903022039B4B451ED397
:10ECC000039B0E9A5B1B2846136004B0BDE8F087D7
:10ECD000B8F1460F00EB0409E5D10378302B0AD1D7
:10ECE0000022002330463946F1F716FF18B9C4F167
:10ECF0000104CAF80040DAF800309944D3E7591CFF
:10ED000003911A70D9E7F7B50029BABF49422D23FC
:10ED10002B2309290270437029DD0DF107042546D4
:10ED20000A272246B1FBF7F607FB1613303302F829
:10ED3000013C0B46632B04F1FF343146F1DC3031EA
:10ED4000931E04F8011C411C1C46AB420AD30DF172
:10ED500009039B1AA54238BF0023821C1344181ACA
:10ED600003B0F0BD13F8016B01F8016FEDE730233C
:10ED700030318370C170031DF1E700002DE9F04FC1
:10ED80008DB00C46DDF8588016461F46054600F04B
:10ED900001FF036806931846F1F792FA00230A93DD
:10EDA000D8F8003094F818A0D4F800B007900733D2
:10EDB00023F00703B3EC027B8DED047BC8F8003031
:10EDC000DDE9048323F0004984ED127B9C4B4FF076
:10EDD000FF3240464946F1F7D1FE70BB984B4FF0E9
:10EDE000FF3240464946F1F7ABFE30BBDDE9040196
:10EDF00000220023F1F79AFE10B12D2384F843304E
:10EE0000904A914BBAF1470F8CBF90469846032326
:10EE100023612BF0040323604FF000090097334671
:10EE20000BAA2146284600F0D1F9013040F08C8031
:10EE30004FF0FF300DB0BDE8F08FDDE90423104640
:10EE40001946F1F79BFE40B1059B804A002BBCBFE1
:10EE50002D2384F843307E4BD4E763685A1C0AF0B4
:10EE6000DF093BD1062363604BF4806200232260FC
:10EE700003930AABCDE901A309AB009361689DED53
:10EE8000040B0DF123032846FFF7D8FEB9F1470F15
:10EE90000999804629D1C81C02DB63688B4241DA9C
:10EEA000AAF1020A5FFA8AFA0139524604F15000C7
:10EEB0000991FFF728FF0A9A1318012A8146236156
:10EEC00002DC2268D20701D5013323619DF823308B
:10EED000002BA3D02D2384F843309FE7B9F1470FCF
:10EEE000C2D1002BC0D10123BDE7BAF1650FDBD938
:10EEF000BAF1660F18D1002963680BDD216113B9DF
:10EF00002268D00702D501330B442361A1654FF07D
:10EF10000009DBE713B92268D20701D50233F4E711
:10EF20000123F2E74FF0670A0A9B8B4205DC236856
:10EF30002161D807EAD54B1CE7E70029D4BFC1F10E
:10EF4000020201221344E0E723685A0507D423692B
:10EF5000424631462846B84701302BD168E7BAF11E
:10EF6000650F40F2DD80D4E9120100220023F1F7A1
:10EF7000D3FD002833D0374A012331462846B8470D
:10EF800001303FF455AFDDE90938434502DB236822
:10EF9000D8070FD5DDE9062331462846B8470130AA
:10EFA0003FF446AF4FF0000908F1FF3804F11A0AA8
:10EFB000C84509DC23689B0700F10381E0680B9BCF
:10EFC0009842B8BF184635E70123524631462846D5
:10EFD000B84701303FF42CAF09F10109E8E7099B7C
:10EFE000002B39DC1B4A012331462846B847013043
:10EFF0003FF41EAFDDE9093959EA030302D1236862
:10F00000D907D7D5DDE9062331462846B847013070
:10F010003FF40EAF4FF0000A04F11A0B099B5B425C
:10F02000534501DC4B4693E701235A4631462846B7
:10F03000B84701303FF4FCAE0AF1010AEEE700BF29
:10F04000FFFFEF7F762D0108722D01087E2D01084C
:10F050007A2D0108822D0108A36DDDF828A0534503
:10F06000A8BF5346002B994636DC4FF0000B29EA27
:10F07000E97904F11A02A36D0493A3EB09035B453C
:10F0800031DC099B9A453ADC2368DA0737D4099BBF
:10F09000AAEB0309049BAAEB03039945A8BF994671
:10F0A000B9F1000F33DC4FF0000829EAE97904F1E7
:10F0B0001A0B099BAAEB0303A3EB090343457FF754
:10F0C00079AF01235A4631462846B84701303FF40C
:10F0D000AFAE08F10108ECE7424631462846B84792
:10F0E0000130C2D1A4E60123314628460492B84734
:10F0F00001303FF49DAE049A0BF1010BBBE7DDE953
:10F10000062331462846B8470130C0D190E6049A1C
:10F110004B46424431462846B8470130C3D187E6C2
:10F12000DDF828A0BAF1010F01DCDB0736D5012399
:10F13000424631462846B84701303FF479AEDDE912
:10F14000062331462846B84701303FF471AED4E972
:10F150001201002200230AF1FF3AF1F7DDFCC0B9E9
:10F16000534608F1010231462846B84701300CD118
:10F170005EE601235A4631462846B84701303FF43F
:10F1800057AE08F10108D045F3DB4B4604F15002BD
:10F19000DFE64FF0000804F11A0BF4E701234246C2
:10F1A000E1E701234A4631462846B84701303FF49B
:10F1B0003FAE08F10108E3680B995B1A4345F0DCA8
:10F1C000FCE64FF0000804F11909F4E72DE9F047D7
:10F1D000164698468A680B69DDF820909342B8BFBE
:10F1E0001346336091F8432007460C460AB10133B9
:10F1F00033602368990642BF336802333360256861
:10F2000015F0060506D104F1190AE36832689B1A65
:10F21000AB4226DC94F843302268003B18BF012340
:10F2200092062BD404F1430241463846C8470130C8
:10F230001ED02368226903F00603042B02BFE56891
:10F240003368ED1AA3680CBF25EAE57500259342E3
:10F25000C4BF9B1AED1800261A34B5421AD10020FB
:10F2600008E00123524641463846C847013003D1E1
:10F270004FF0FF30BDE8F0870135C6E7E1185A1CB2
:10F28000302081F84300224494F8451082F843105E
:10F290000233C7E70123224641463846C8470130BA
:10F2A000E6D00136D9E700002DE9F0430D7E85B0A8
:10F2B000782D90460C9E07460C46994601F1430274
:10F2C00007D8622D0AD8002D00F0D780582D00F005
:10F2D000BC8004F1420684F842503BE0A5F1630390
:10F2E000152BF6D801A151F823F000BF45F3000813
:10F2F00059F30008D3F20008D3F20008D3F2000853
:10F30000D3F2000859F30008D3F20008D3F2000842
:10F31000D3F20008D3F2000861F4000883F3000878
:10F3200013F40008D3F20008D3F2000883F40008B5
:10F33000D3F2000883F30008D3F20008D3F20008E8
:10F340001BF4000833681A1D1B68326004F1420682
:10F3500084F842300123A1E033682068191D316030
:10F36000060601D51D6803E04506FBD5B3F900503C
:10F37000002D03DA2D236D4284F843305B480A23C5
:10F3800011E021683368080653F8045B02D449068B
:10F3900048BFADB23360237E54486F2B5CD1082345
:10F3A000002184F843106668A660002E05DB216802
:10F3B0002E4321F00401216050D01646B5FBF3F135
:10F3C00003FB115C10F80CC006F801CDAC46634598
:10F3D0000D46F3D9082B0BD12368DB0708D5236929
:10F3E00061689942DEBF302306F8013C06F1FF3622
:10F3F000921B2261CDF80090434603AA214638466D
:10F40000FFF7E4FE01304ED14FF0FF3005B0BDE80C
:10F41000F083236843F0200323603548782584F87F
:10F4200045502368316813F0800F51F8045B03D115
:10F4300013F0400F18BFADB23160D90744BF43F09D
:10F44000200323601DB11023AAE72848E7E72368BB
:10F4500023F020032360F6E70A23A1E71646B9E765
:10F46000336825686169181D30602E061B6801D558
:10F47000196002E06806FBD5198000232361164657
:10F48000B8E733681A1D32601E6862680021304692
:10F49000F0F7C6FE08B1801B60606368236100233B
:10F4A00084F84330A6E72369324641463846C847C8
:10F4B0000130A9D023689B0713D4E068039B9842CE
:10F4C000B8BF1846A2E70123324641463846C8472E
:10F4D000013099D00135E36803995B1AAB42F2DC45
:10F4E000EBE7002504F11906F5E700BF842D0108BC
:10F4F000952D01082DE9F04F87B0914603938B6855
:10F500005A1EB2F5AE7F81BF6FF4AE7503EB050BEB
:10F5100040F25D138B600B680A464FF0000543F420
:10F52000F06342F81C3BCDE9045580460C4698BF79
:10F530004FF0000B01921646AA462F460295A2688C
:10F540005AB1D9F800301B784E2B63D8402B3BD8EA
:10F55000A3F12B01C8B20E2839D91FB1236823F4B7
:10F56000807323600AF1FF3ABAF1010F00F21481AF
:10F57000019B9E4200F20581012007B0BDE8F08F9B
:10F58000A3F161020D2AE8D801A151F822F000BFD1
:10F59000D9F600085BF500085BF500085BF500088C
:10F5A00035F700080FF700085BF500085BF5000869
:10F5B000E7F600085BF500085BF500085BF500085E
:10F5C0005BF50008A3F60008A3F14102DAE70E2973
:10F5D000C3D801A050F821F093F600085BF50008AD
:10F5E00093F6000823F700085BF5000835F60008DD
:10F5F00079F6000879F6000879F6000879F600082F
:10F6000079F6000879F6000879F6000879F600081E
:10F6100079F600086E2B09D8602BB1D8542B7BD01B
:10F62000592B9AD1072D98D108252FE0742B73D030
:10F63000792BF6E72168C8051ED521F080012160ED
:10F640000137BBF1000F03D001320BF1FF3BA26089
:10F65000A368013BA360236901332361D9F8043017
:10F66000013B002BC9F8043040F38280D9F8003008
:10F670000133C9F8003062E71AEB05017FF46DAF82
:10F68000226822F4C07222600D468A4606F8013BC9
:10F69000DEE7226810067FF560AF22F0800222606C
:10F6A000F4E7BAF1000F0CD177B9226802F4E061F7
:10F6B000B1F5E06F08D122F4F06222604FF0010A48
:10F6C000E4E7BAF1020F50D0012D02D0042D7FF4EF
:10F6D00044AF0135EDB2D9E7BAF1010F7FF43DAF88
:10F6E0004FF0020AD2E775B9002F7FF437AF2268D6
:10F6F00002F4E061B1F5E06F40F0028122F4F062C3
:10F7000022600125C2E7032DE3D0052DDFE7022D9E
:10F710007FF423AF0325B9E7062D7FF41EAF07253D
:10F72000B4E7226891057FF518AF22F420722260B9
:10F730000297ABE7226802F4A061B1F5806F05D0B3
:10F7400050057FF50AAF002F00F0DA80910558BF11
:10F75000029922F4F06258BF791A42F4C07258BF7D
:10F76000CDE904162260002790E74FF0030A8DE7E9
:10F77000D4F8803149464046984700283FF4DFAE30
:10F78000EBE6D4F87C3116F8011D4A46404698470E
:10F790002369013B2361EBE66B1E062B24D8022D67
:10F7A00036D8019B9E427FF6E7AED4F87C3116F83E
:10F7B000011D4A46404698472369013B2361F0E713
:10F7C000D4F87C311BF8011D4A464046984723690E
:10F7D000013B23610AF1FF3A5FFA8AFABAF1020F9C
:10F7E000EED1033DEDB2761B2368DA0530D55D0519
:10F7F00011D5019B9E427FF6BFAED4F87C3116F83E
:10F80000011D4A46404698472369013B2361F0E7C2
:10F81000AA46B346DEE716F8011C2369652903F101
:10F82000FF3306F1FF3523610CD045290AD0D4F807
:10F830007C314A4640469847236916F8021C013B32
:10F84000B51E2361D4F87C314A46404698472E467F
:10F85000226812F0100201D000208EE63270236878
:10F8600003F4C063B3F5806F24D1029B9F420AD09A
:10F87000DA1B04F26F139E4228BF04F5B7762149C4
:10F88000304600F007F9019900224046FFF7D0F911
:10F89000039B21681B68880757EC106B03F1040277
:10F8A00015D503990A601B68C3E90067E368013353
:10F8B000E360D1E7049B002BE5D005990A230131D1
:10F8C000404602F0FDF9049B059EC21AD1E711F0F3
:10F8D000040F03990A60E6D11D6832463B46304664
:10F8E0003946F1F74BF928B1074800F0E1F985ED09
:10F8F000000ADBE730463946F1F79EF92860D5E784
:10F9000000272FE6A62D0108EE2D0108002310B5D3
:10F910000446C0E90033C0E9043383608181436653
:10F92000C2818361194608225C3000F019F90D4B41
:10F9300063620D4BA3620D4BE3620D4B23630D4BD2
:10F9400024629C4206D003F16802944202D0D03374
:10F950009C4205D104F15800BDE8104000F08EB97A
:10F9600010BD00BFD9FA0008FBFA000833FB0008FD
:10F9700059FB00080C230020024A0349034800F009
:10F980006BB800BF88010020952001080403002007
:10F9900041680C4B994210B5044601D002F07AFB45
:10F9A000A168094B994202D0204602F073FBE1683E
:10F9B000064B994204D02046BDE8104002F06ABBD5
:10F9C00010BD00BF0C23002074230020DC23002086
:10F9D0000C4B0D4A0D4810B504211A600022FFF7A8
:10F9E00095FF0A4B01221C46092103F16800FFF72D
:10F9F0008DFF04F1D0000222BDE810401221FFF774
:10FA000085BF00BF4424002079F900080C230020A2
:10FA1000014800F034B900BF4D240020014800F037
:10FA20002FB900BF4D24002010B50446FFF7F0FFAA
:10FA3000236A1BB1BDE81040FFF7F0BF044B2362FF
:10FA4000044B1B68002BF5D1FFF7C2FFF2E700BFA4
:10FA500091F90008442400202DE9F8430746884620
:10FA600014460026D4E90195B9F1010905D52468A9
:10FA7000002CF7D13046BDE8F883AB89012B07D9BC
:10FA8000B5F90E30013303D029463846C047064346
:10FA90006835E9E70EB410B59DB01FAB0290069033
:10FAA0006FF000410A48079104910A4953F8042B6A
:10FAB0000591002402A9006801931B9402F070F9DB
:10FAC000029B1C701DB0BDE8104003B0704700BF22
:10FAD000000300200802FFFF10B50C46B1F90E101C
:10FAE00000F07EF80028ABBF636DA3891B1823F4D8
:10FAF0008053ACBF6365A38110BD2DE9F0411F4663
:10FB00008B89DB0505460C46164605D5B1F90E1066
:10FB10000223002200F052F8A389B4F90E1023F456
:10FB20008053A38132463B462846BDE8F04100F0B1
:10FB300069B810B50C46B1F90E1000F03FF8B4F9F1
:10FB40000C30421C0BBF23F4805343F48053A38139
:10FB5000A38118BF606510BDB1F90E1000F01EB88A
:10FB600002440346934200D1704703F8011BF9E7B2
:10FB700010B56AB10139841810F8012B11F8013F52
:10FB80009A4203D1A04201D0002AF5D1D01A10BD6B
:10FB90001046FCE7004870478402002038B5064D47
:10FBA0000023044608462B60F3F7F6FB431C02D102
:10FBB0002B6803B1236038BD4824002038B5074DB9
:10FBC00004460846114600222A601A46F3F70BFC49
:10FBD000431C02D12B6803B1236038BD48240020A8
:10FBE00038B5074D04460846114600222A601A46D9
:10FBF000F3F799FB431C02D12B6803B1236038BD96
:10FC00004824002038B5074D044608461146002216
:10FC10002A601A46F3F7A4FB431C02D12B6803B1F8
:10FC2000236038BD48240020014B1868704700BF8E
:10FC30000003002070B50D4B0D4D5B1B9C10002682
:10FC4000A64209D103F03CF80A4D0B4B5B1B9C10FC
:10FC50000026A64205D170BD55F8043B98470136F1
:10FC6000EEE755F8043B98470136F2E7E03101082A
:10FC7000E0310108E0310108E431010870477047C4
:10FC800070470A44914200F1FF3300D1704710B52C
:10FC900011F8014B03F8014F9142F9D110BD00005A
:10FCA0009FED010B704700BF000000000000F87FCF
:10FCB0009FED010A704700BF0000C07F1FB51446CA
:10FCC0001A46094B1B680546D8684CB1074B009192
:10FCD000CDE9013406492B4602F004FA02F03EFA5F
:10FCE000044B1C46F3E700BF00030020B32D0108BE
:10FCF000C02D0108EE2D01082DE9F74F03690C69AD
:10FD0000A34207467EDB013C01F11408A30000F189
:10FD10001405009305EB8403019358F8243055F83B
:10FD2000242001339A4208EB8409B2FBF3F62ED368
:10FD30004FF0000AC446AE46D3465CF8043B98B286
:10FD400006FB00A0020C1B0C06FB0323DEF80020C0
:10FD500080B292B2121A5A44DEF800004FEA134AF7
:10FD60009BB2C3EB224303EB104392B242EA03423D
:10FD7000E1454EF8042B4FEA234BDED2009BEB58B3
:10FD80002BB9019B043B9D421A462FD33C61384658
:10FD900001F02AFD002825DB2946002058F8042B15
:10FDA000D1F800C01FFA82FE1FFA8CF3A3EB0E03FA
:10FDB0000344120CC2EB234202EB1C429BB243EA07
:10FDC0000243C14541F8043B4FEA2240E6D255F8D0
:10FDD000242005EB840322B9043B9D421A460BD331
:10FDE0003C610136304603B0BDE8F08F1268043B39
:10FDF000002ACBD1013CC6E71268043B002AEFD1B0
:10FE0000013CEAE70020EEE72DE9F04F99B08DEDD7
:10FE10000E0B0C92C269229C0A9157EC106B814622
:10FE2000139382B9102001F051F90246C9F81C0061
:10FE300020B9AB4BEF21AB48FFF740FF0023C0E9EF
:10FE400001330360C360116859B152684A600123ED
:10FE500093408B60484601F03FFAD9F81C300022ED
:10FE60001A60B7F10008B5BF0123002323602360A7
:10FE70009D4BBCBF28F00048CDF83C8033EA080316
:10FE80001AD1139AC8F3130842F20F7358EA0608FE
:10FE9000136000F06885239B53B9944B21E0944B89
:10FEA00000930833239A1360009819B0BDE8F08FCF
:10FEB0008E4B00930333F5E79DED0E7B002251EC52
:10FEC000170B00238DED067BF0F726FE824650B11E
:10FED000139A01231360239B13B1239A854B13605C
:10FEE000854B0093E0E79DED060B16AA17A948463F
:10FEF00001F09EFD5FEA1854169D019079D0079B92
:10FF0000CDF850A0C3F31303DDE9060143F07F539E
:10FF100043F44013A4F2FF3419460022774BF0F764
:10FF2000DBF969A3D3E90023F0F78EFB68A3D3E9DB
:10FF30000023F0F7D3F9064620460F46F0F71AFBE8
:10FF400065A3D3E90023F0F77FFB02460B4630465A
:10FF50003946F0F7C3F906460F46F0F725FE0022B2
:10FF60008046002330463946F0F7E0FD48B1404670
:10FF7000F0F700FB32463B46F0F7CEFD08B908F13A
:10FF8000FF38B8F1160F51D85D4B03EBC803D3E926
:10FF90000023DDE90601F0F7C9FD002848D008F18B
:10FFA000FF38002312932D1B6B1E089343BF0023C1
:10FFB000C5F1010708930027B8F1000F3ADB089B51
:10FFC000CDF8348043440893002309930A9B092BFE
:10FFD00062D8052BC4BF043B0A930A9BA3F102031A
:10FFE000CCBF00240124032B62D8DFE803F0515377
:10FFF000362B179C2C4404F23243202BC1BFC3F193
:020000040801F1
:10000000400308FA03F804F2124326FA03F3D6BFBA
:10001000C3F1200348EA030006FA03F0F0F79AFA66
:100020000122A1F1F873013C149275E70123B9E7AD
:100030001290B8E7C8F1000309930023A7EB080763
:100040000D93C3E701230B930C9B434405930133AA
:10005000012B0493B8BF012306E001230B930C9BF3
:10006000002B28DDCDE90433D9F81C00002104223F
:1000700002F114059D4223D94160484601F0EEF893
:100080000090002840D11F4B024640F2AF11D2E64B
:100090000023E3E70023D6E701240023CDE90A3457
:1000A0004FF0FF33CDE90433002212230C92DBE73B
:1000B00001230B93F4E70123CDE904331A46F5E756
:1000C00001315200D4E700BF61436F63A787D23F7D
:1000D000B3C8608B288AC63FFB799F501344D33F37
:1000E000FC2D0108132E01080000F07FF82D0108F7
:1000F000EF2D0108832D0108822D01080000F83F33
:10010000D02F01086B2E0108D9F81C30009A1A6014
:10011000049B0E2B00F2A180002C00F09E80B8F111
:10012000000F36DD9E4B08F00F0203EBC20318F4FC
:10013000807FD3E900AB4FEA281516D0994BDDE953
:100140000601D3E90823F0F7A9FBCDE9020105F088
:100150000F050324934E75B9DDE9020152465B4653
:10016000F0F79CFB82468B462DE09DED067B02243A
:100170008DED027BEEE7E90708D550465946D6E9F2
:100180000023F0F761FA013482468B466D10083681
:10019000E1E700F0AD80C8F10005814B814E05F02C
:1001A0000F0203EBC203D3E90023DDE90601F0F7F8
:1001B0004BFA2D1182468B4600230224002D40F07D
:1001C0008C80002BCED1129B002B00F09580764BBB
:1001D000002250465946F0F7A9FC002800F08C8018
:1001E000049B002B00F08880059B002B35DD08F177
:1001F000FF330293504659466C4B0022F0F724FA25
:10020000059E82468B4601342046F0F7B3F95246EC
:100210005B46F0F719FA664B0022F0F75FF80446E8
:10022000A1F15075CDE91045002E69D1614B002236
:1002300050465946F0F750F822462B4682468B46E8
:10024000F0F792FC002840F09482224605F100432A
:1002500050465946F0F76AFC20BB179B002BC0F2B2
:100260006081B8F10E0F00F35C814D4B03EBC803C6
:10027000D3E900AB0C9B002B80F2EE80049B002B9B
:1002800000F3EA800ED14B4B002250465946F0F75E
:10029000DBF902460B46DDE90601F0F751FC0028C8
:1002A00000F06A8200252C460C9B009EDB430293E3
:1002B000274600242946484601F00EF8002F00F09A
:1002C000C1802CB1BC4203D02146484601F004F85D
:1002D0003946484601F000F8B4E0EA0705D5D6E90A
:1002E0000023F0F7B1F9013401236D10083665E7FA
:1002F000DDE906AB022466E7049ECDF8088083E7BB
:10030000274B03EBC60353E902010B9B002B55D08F
:1003100002460B4600202849F0F7C0FADDE9102319
:10032000EFF7DAFF009BCDE910019D191E465946F3
:100330005046F0F739FC0446F0F71CF902460B462C
:1003400050465946EFF7C8FF3034DDE9102306F870
:10035000014B82468B46F0F7E9FB002872D15246EA
:100360005B4611490020EFF7B7FFDDE91023F0F7F6
:10037000DDFB002840F0B680AE423FF46EAFDDE911
:1003800010010A4B0022F0F75FF9084BCDE910018C
:10039000002250465946F0F757F982468B46C6E789
:1003A000D02F0108A82F01080000F03F00002440D2
:1003B00000001C40000014400000E03FDDE9102375
:1003C000F0F742F9009B009DCDE9100133441593ED
:1003D00059465046F0F7E8FB0446F0F7CBF83034C6
:1003E0000B46024659465046EFF776FF05F8014B9B
:1003F000159B9D4282468B4627D1009B0022DDE95A
:1004000010011E44B34BEFF769FF02460B465046FE
:100410005946F0F7A9FB002864D1DDE91023AD4966
:100420000020EFF759FF02460B4650465946F0F7B9
:100430007DFB00283FF411AF334616F8012D302A1A
:10044000FAD01E46DDF808803AE0A34B0022F0F710
:10045000FBF882468B46BBE7009E52465B46DDE9D1
:100460000601F0F71BFAF0F79FFB0746F0F782F85A
:1004700052465B46F0F7E8F802460B46DDE9060116
:10048000EFF72AFF07F1300C009C06F801CBA6EB32
:10049000040C049C644502460B4633D1EFF71EFF63
:1004A00052465B4604460D46F0F75EFBC0B9524625
:1004B0005B4620462946F0F72FFB08B1FB070FD417
:1004C0000199484600F008FF0023139A337008F1A1
:1004D00001031360239B002B3FF4E6AC1E60E3E4B2
:1004E000CDF8088033461E4613F8012D392A06D16F
:1004F000009A9A42F7D1029A0132029230220132D6
:100500001A709FE7744B0022F0F79EF802460B46E4
:10051000CDE9062300220023F0F7FEFA00289CD044
:10052000CEE70B9A002A00F0E3800A9A012A00F332
:10053000C280149A002A00F0BA8003F23343099D66
:100540003E46089A01211A4448461F44089200F08A
:10055000C1FF044656B1089B002B07DDB342089A41
:10056000A8BF3346FF1AF61AD31A0893099B0BB398
:100570000B9B002B00F0C380002D00F0BD802146B6
:100580002A46484601F066F8019A01460446484664
:1005900000F0B6FF01998246484600F09DFE099B97
:1005A0005B1B099300F0AE80099A5146484601F062
:1005B00051F801900121484600F08CFF0D9B054643
:1005C000002B00F0D7811A460146484601F042F858
:1005D0000A9B012B054600F39D800E9B002B40F0EB
:1005E00094800F9BC3F31303002B40F08E800F9B6E
:1005F00023F000431B0D1B05002B00F08980089B96
:100600000133013708934FF0010A0D9B002B00F0D6
:10061000B7812B6905EB8303186900F00FFFC0F168
:100620002000089B184410F01F007ED0C0F120036A
:10063000042B72DD089BC0F11C00034407440644F0
:100640000893002F05DD01993A46484601F05EF80F
:100650000190089B002B05DD29461A46484601F00B
:1006600055F80546129B002B61D00198294601F0F0
:10067000BBF800285BDA08F1FF33029301990023ED
:100680000A22484600F04AFE0B9B0190002B00F026
:100690007981002321460A22484600F03FFE059B4F
:1006A000002B044672DC0A9B022B49DC6EE0169B91
:1006B000C3F1360343E7049B5D1E099BAB420DDB90
:1006C0005D1B049B002BBFF63BAF049BFE1A00236F
:1006D00037E700BF0000E03F00002440099B0D9A6F
:1006E0000995EB1A1A440D92049B3E46002528E713
:1006F000099D0B9C3E462DE7DDF804A054E7099ABE
:10070000019953E7CDF804A054E74FF0000A7CE7C5
:100710009A467AE74FF0000A7BE792D0089A1C339A
:100720001A441F441E4408928BE70346F6E7049BD5
:10073000CDF80880002B23DC05930A9B022B21DDDA
:10074000059B002B7FF4B0AD29460522484600F0FA
:10075000E5FD01460546019801F046F800287FF7BF
:10076000A3AD009E312306F8013B029B01330293A7
:100770009EE535462C46F4E7049DCDF80880F9E760
:10078000049B05930B9B002B00F00081002E05DDE0
:1007900021463246484600F0B9FF0446BAF1000F40
:1007A0005AD06168484600F059FD064628B9824B88
:1007B000024640F2EF21FFF73EBB2269023292006F
:1007C00004F10C010C30FFF75CFA01223146484677
:1007D00000F09CFF0746009B009A03F1010B059B6C
:1007E000134406930E9B03F0010308930BF1FF33B0
:1007F000294601980493FFF77FFA2146059000F1FE
:10080000300A019800F0F0FF3A46804629464846F3
:1008100001F006F8C268064602BB0146019800F0E6
:10082000E3FF024631464846099200F055FDDDE9F6
:10083000092342EA0301089B19435E4610D1BAF12D
:10084000390F2BD0B8F1000F02DD059B03F1310AFF
:10085000049B83F800A02DE52746BCE70122E1E7D1
:10086000B8F1000F06DB0A9B48EA0308089B58EA28
:10087000030820D1002AEBDD01990122484600F04F
:1008800045FF2946019000F0AFFF002803DCDFD1CF
:100890001AF0010FDCD0BAF1390FD6D1049A3923FE
:1008A000137033461E46013B16F8012C392A52D0EC
:1008B00001321A70FEE4002A07DDBAF1390FEDD0DB
:1008C000049A0AF101031370F4E4069B0BF801ACDF
:1008D0005B452AD0019900230A22484600F01EFDFC
:1008E000BC4201904FF000034FF00A0221464846F7
:1008F00006D100F013FD044607460BF1010B75E726
:1009000000F00CFD3946044600230A22484600F058
:1009100005FD0746F1E7059B5E1E002B009BD8BF37
:1009200000265A1C274616440024019901224846F5
:1009300000F0ECFE2946019000F056FF0028B0DCE4
:1009400002D11AF0010FACD133461E4613F8012D27
:10095000302AFAD0AEE4009A9A42A3D1029B013326
:1009600002933123AFE7239B002B7FF498AA134B0C
:10097000FFF7B7BA0A9B012B7FF72FAEDDF834A043
:1009800001204EE6059B002B7FF7D7AE009E019815
:100990002946FFF7B1F900F1300A009B06F801ABD8
:1009A000F21A059B9342B6DD019900230A224846BC
:1009B00000F0B4FC0190EAE76B2E0108EF2D01086E
:1009C00038B50546002941D051F8043C0C1F002BD6
:1009D000B8BFE41800F036FC1D4A136833B96360F1
:1009E00014602846BDE8384000F032BCA34208D964
:1009F000206821188B4201BF19685B6809182160C3
:100A0000EDE71A465B680BB1A342FAD9116850189A
:100A1000A0420BD120680144501883421160E0D1FC
:100A200018685B68536008441060DAE702D90C2349
:100A30002B60D6E7206821188B4204BF19685B68D9
:100A4000636004BF091821605460CAE738BD00BF65
:100A5000542400200369B3EB611F2DE9F0434FEAF2
:100A6000611200F1140445DD11F01F0104EB83064F
:100A700004EB82050CD100F110072946B14234D3B2
:100A80009B1A9B00EA1E964238BF0023234415E0C0
:100A900054F82270C1F12008CF4005F1040EA146A0
:100AA0007645F44615D89A1A9200043A0135AE42BA
:100AB00038BF0022A318A75007B104331A1BA34262
:100AC0004FEAA20208BF0023026108BF4361BDE8EC
:100AD000F083DCF800C00CFA08FC4CEA070749F880
:100AE000047B5EF8047BCF40DAE751F804CB47F88B
:100AF00004CFC3E72346E1E7A0F13003092B02D876
:100B00002038C0B27047A0F16103052B01D84738E7
:100B1000F7E7A0F14103052B01D82738F1E70020C2
:100B2000704700002DE9F04F85B08A4602930B68AC
:100B3000019090469C1CA14614F8010B3028FAD075
:100B4000A9EB0303A3F1020BFFF7D6FF054600282C
:100B500068D1A04901224846FFF70AF80746002855
:100B600067D199F801002646FFF7C6FF002862D03A
:100B7000234618783028994603F10103F9D0FFF78E
:100B8000BBFFB0FA80F56D094FF0010B4A461646DF
:100B900001323078FFF7B0FF0028F8D18D490122EB
:100BA0003046FEF7E5FF00283FD144B9741C2246C9
:100BB000164601323078FFF79FFF0028F8D1A41BBA
:100BC000A700337803F0DF03502B3ED173782B2B33
:100BD00033D02D2B34D0711C00240878FFF78CFF04
:100BE000431EDBB2182B30D8A0F1100211F8010F10
:100BF000FFF782FF00F1FF3C5FFA8CFCBCF1180F9D
:100C00004FF00A031ED904B152421744CAF800102B
:100C1000EDB1BBF1000F0CBF06250025284605B03D
:100C2000BDE8F08F00252C46B0E7002CC7D1274641
:100C3000C7E74E462F460125C3E70024B11CCCE789
:100C40000124FBE703FB0200CEE73146DEE7A6EB1B
:100C50000903013B2946072B0ADC019800F0FEFA44
:100C6000044640B95C4B0246E4215C48FFF726F895
:100C700001315B10EFE700F1140A002355469B4653
:100C8000B14537D345F804BBA5EB0A05AD10256186
:100C9000584600F0D3FB6D01D8F800602D1AB5421C
:100CA00054DDAD1B2946204600F06FFF814678B128
:100CB0006B1E591103F01F025AF821104FF0010961
:100CC00009FA02F20A4203D04B4536DC4FF0020922
:100CD00029462046FFF7BEFE2F44D8F80830BB4215
:100CE00042DA0198214600F0F7FA0E9A00231360C9
:100CF000A32593E716F8012D2E2A12D0202B04D11C
:100D000045F804BB4FF0000B5B4630780393FFF7C8
:100D1000F3FE039B00F00F0098404BEA000B0433F6
:100D2000AEE7B145EAD82B49039301223046FEF7DE
:100D30001FFF039B0028E1D1A2E7A91E204600F077
:100D400024FF0028C2D04FF00309C1E709DA751B60
:100D5000214601982A4600F0D9FC7F1B044600F189
:100D6000140A4FF00009B8E7D8F80450BD426FDD0F
:100D7000ED1BAE4234DCD8F80C30022B22D0032B12
:100D800024D0012B15D1AE4213D1012E0BD1029AE2
:100D9000D8F80430136001232361CAF800300E9B99
:100DA00062251C603AE7711E204600F0EEFE002826
:100DB000EDD10198214600F08FFA0E9A00231360BE
:100DC00050252BE70F9B002BF3D1E0E70F9B002B67
:100DD000DDD1EEE7702D01086B2E01087C2E010895
:100DE0006F1EB9F1000F30D127B13946204600F00F
:100DF000CCFE81467A1101235AF8222007F01F0702
:100E0000BB4013422946204618BF49F00209FFF7AC
:100E100021FED8F80470761B0225B9F1000F47D0E7
:100E2000D8F80C30022B15D0032B17D0012B09D189
:100E300019F0020F06D0DAF8003049EA030919F078
:100E4000010F0ED145F0100532E04FF00109D1E756
:100E50000125E2E70F9BC3F101030F930F9B002BCA
:100E6000F0D0D4F810B004F114034FEA8B0A03EB6E
:100E70008B014FF0000C184653F8042BB2F1FF3FE2
:100E80001BD001320260022D04F114033CD1D8F8CA
:100E90000020013AB24209D17111012253F82130E8
:100EA00006F01F0602FA06F61E423AD145F020056A
:100EB0000E9B1C60029B1F60B0E6994243F804CC75
:100EC000D9D8A3689B4517DB61680198013100F010
:100ED000C5F9814618B91A4B02468421C5E6226934
:100EE000023204F10C0192000C30FEF7CAFE2146DA
:100EF000019800F0F1F94C4623695A1C04EB830376
:100F0000226101225A61BEE722695A450BDD0121A7
:100F10002046FFF79FFDD8F808300137BB42FFF6A7
:100F2000E0AE0125C2E716F01F06FAD05344C6F121
:100F3000200653F8040C00F081FAB042E7DBF0E73A
:100F40006B2E0108C2F10802920070B5C2F12006B2
:100F50004368046803FA06F52C43D340046040F864
:100F6000043F8842F4D370BD30B50368013311F8F3
:100F7000014B14B90360012030BD13F8012BA2F11D
:100F80004105192D98BF2032A242F0D00020F3E78E
:100F90002DE9F04F0B6801685E1102EB860613F035
:100FA0001F0387B018BF04360025371F82469046BE
:100FB000019346F8045CB9463C460295AB464A7834
:100FC0004B1C039342B3104605910492FFF794FD26
:100FD000002853D1049A0599202A18D8029B9B45D2
:100FE00013DD4C4506D2072D04DC2A46494620462F
:100FF000FFF7A8FF444554D90023A4F1040944F89D
:10100000043CCDF808B04C461D460399D7E7292A81
:1010100059D10231CAF80010BBF1000F53D04C4532
:1010200006D2072D04DC2A4649462046FFF78AFFF0
:10103000444538D9A8F10402234653F8041B42F86A
:10104000041F9F42F9D23B1B23F003030134033EEC
:10105000B44288BF002308F10402134400211A4659
:1010600004339F421160FAD23B681BB9474528D12F
:1010700001233B60052007B0BDE8F08F0135082D46
:101080000BF1010B06DD4445BFD9002344F8043CB5
:101090000125043C226800F00F0040EA02102060A5
:1010A000B3E70825B1E7019B002BDDD0C3F1200396
:1010B0004FF0FF32DA4056F8043C134046F8043C47
:1010C000D2E7043FD0E70420D5E70000024B0146F9
:1010D000186800F025B800BF0003002070B50F4E5F
:1010E0000C463168054611B901F028F830602146F8
:1010F000284601F023F8431C03D14FF0FF3420466B
:1011000070BDC41C24F00304A042F8D0211A284664
:1011100001F014F80130F2D1EFE700BF50240020B5
:101120002DE9F843CD1C25F0030508350C2D38BFFB
:101130000C25002D064601DBA94204D90C2333609F
:101140000020BDE8F883DFF8D48000F07BF8D8F801
:1011500000301C4644BB29463046FFF7BFFF431C06
:10116000044658D1D8F800402746002F43D1002C20
:101170004BD023683946304604EB030900F0DEFF0C
:10118000814542D121686D1A29463046FFF7A6FFF6
:1011900001303AD023682B442360D8F800305A68D5
:1011A00062BBC8F800700FE02268521B20D40B2AE3
:1011B00017D96119A342256018BF5960636808BF39
:1011C000C8F8001062514B60304600F041F804F15D
:1011D0000B00231D20F00700C21A1CBF1B1AA350CE
:1011E000AFE76268A3420CBFC8F800205A60EBE783
:1011F00023466468AEE73C467F68B6E71A465B68FC
:10120000A342FBD100235360DEE70C23336030465A
:1012100000F01EF894E70560D6E700BF54240020D4
:1012200082B001B901A942B14BB113780B601278B9
:10123000101E18BF012002B070471046FBE76FF088
:101240000100F8E70148FEF71ABD00BF4C2400205A
:101250000148FEF715BD00BF4C24002070B5C469DD
:1012600005460E4684B91020FFF730FF0446E861BA
:1012700028B90246164B17486B21FEF71FFD0023C5
:10128000C0E901330360C360E36853B9212204213C
:10129000284600F06AFFEB69E060DB680BB90020CC
:1012A00070BD53F8260030B1026843F826200023B1
:1012B000C0E90333F4E7012101FA06F4621D92004C
:1012C000284600F052FF0028E9D0C0E90164EEE7AB
:1012D000FC2D0108DC2E010870B5C66905460C46D8
:1012E00076B91020FFF7F2FE0246E86120B9094BFB
:1012F00009488F21FEF7E2FCC0E901660660C6607E
:101300003CB1EB696268DB6853F82210216043F856
:10131000224070BDFC2D0108DC2E01082DE9F041B2
:101320000D6907460C461E4601F1140C0020DCF83E
:10133000003099B202FB01611E0C0B0C02FB06335C
:1013400089B2013001EB034185424CF8041B4FEA9E
:101350001346ECDC0EB3A368AB4219DC6168384677
:101360000131FFF77BFF804628B902460C4B0D4840
:10137000BA21FEF7A3FC2269023204F10C019200AB
:101380000C30FEF77EFC21463846FFF7A5FF4446A9
:1013900004EB850301355E6125612046BDE8F081DF
:1013A0006B2E0108DC2E01082DE9F8430C4615468A
:1013B0001F4609220833064693FBF2F3002101225F
:1013C0009A4209DB3046FFF749FF40B90246194B04
:1013D0001948D321FEF772FC52000131F0E7089B57
:1013E0004361092D4FF00103036116DD04F1090883
:1013F000C1462C4419F8013B0146303B0A223046D5
:10140000FFF78CFFA145F5D1A844A8F108042D1BD6
:1014100063199F4204DCBDE8F8830A340925F6E726
:1014200014F8013B0146303B0A223046FFF776FFB5
:10143000EEE700BF6B2E0108DC2E0108B0F5803FFF
:10144000034636BF030400201020B3F1807F3CBF69
:101450001B020830B3F1805F3CBF1B010430B3F1C5
:10146000804F3CBF9B000230002B05DB13F0804F08
:1014700000F1010008BF202070470368024613F006
:1014800007000BD0D90721D4980749BF5B089B08F8
:10149000012013605CBF13600220704799B209B944
:1014A0001B0C1020D9B209B908301B0A190704BF58
:1014B0001B090430990704BF9B080230D90703D4E5
:1014C0005B0800F1010003D01360704700207047F3
:1014D0002020704710B50C460121FFF7BFFE0246E1
:1014E00028B9054B054840F24511FEF7E7FB0123FB
:1014F0004461036110BD00BF6B2E0108DC2E0108A2
:101500002DE9F04FD1F81090D2F810A0D14585B058
:101510008846144604DB53460C46CA469046994614
:10152000A36861680AEB0906B342B8BF0131FFF74F
:1015300095FE30B90246454B45484FF4B171FEF770
:10154000BDFB00F1140505EB86072B460022BB42CC
:101550001FD304F1140C08F114010CEB8A0301EB06
:10156000890202921A1B153A22F0030215349C429A
:1015700088BF00220192029A03918A420CD8002E61
:1015800003DD57F8043D002B5DD0066105B0BDE8D2
:10159000F08F43F8042BDAE7B1F800A0BAF1000F9E
:1015A00024D0E046A9464FF0000E58F8042BD9F895
:1015B00000401FFA82FBA4B20AFB0B444FEA124B15
:1015C000D9F8002074444FEA124E0AFB0BE202EBFA
:1015D0001442A4B244EA0244434549F8044B4FEA9A
:1015E000124EE2D8019AAA18C2F804E0039AB2F89F
:1015F00002800431B8F1000F23D02A68E6469146F4
:10160000AA464FF0000BBEF8004008FB04B404EB00
:10161000194492B242EA04424AF8042B5EF8042BC1
:10162000DAF800904FEA124B1FFA89F208FB0B22FE
:1016300002EB144273454FEA124BE4D8019C2C197B
:101640006260043597E7013E99E700BF6B2E010801
:10165000DC2E01082DE9F843174612F003028046FC
:101660000D4607D0264C013A002354F82220FFF7FC
:1016700055FE0546BF103FD0D8F81C4094B9102045
:10168000FFF724FD0446C8F81C0030B902461D4B84
:101690001D4840F2B311FEF711FB0023C0E90133EE
:1016A0000360C360A66846B940F271214046FFF767
:1016B00011FF0023A060064603602C464FF000098E
:1016C00007F001037F1053B1294632464046FFF729
:1016D00017FF214605464046FFF7FEFD67B130681B
:1016E00038B9324631464046FFF70AFF3060C0F84D
:1016F000009006462C46E3E72846BDE8F88300BF85
:10170000982F0108FC2D0108DC2E01082DE9F84F67
:101710000C464968236903EB6218A368074615461F
:101720004FEA621A08F101094B450BDB3846FFF717
:1017300095FD064648B90246294B2A484FF4EF71F9
:10174000FEF7BCFA01315B00EEE7002300F1140C58
:1017500000F110021946534535DB22692AEAEA7A7C
:101760000CEB8A0C04F1140315F01F0E614603EB19
:1017700082022CD0CEF1200A002518688B4600FA90
:101780000EF02843CBF8000053F8045B9A4201F1B5
:10179000040125FA0AF5F0D8131B153B23F00303C7
:1017A00004F115018A4238BF00239C44CCF8045050
:1017B00005B9C1463846C6F810902146FFF78CFDA2
:1017C0003046BDE8F88F42F8041F0133C3E753F8F1
:1017D000045B0D609A4201F10401F8D8E9E700BF0B
:1017E0006B2E0108DC2E01080A6903460069801A85
:1017F00030B50ED11433143103EB820401EB8201B6
:1018000054F8045D51F8042D954203D005D24FF0F1
:10181000FF3030BDA342F3D3FBE70120F9E700001E
:101820002DE9F74F8A460646114650461446FFF703
:10183000DBFF051E12D129463046FFF70FFD024699
:1018400028B9414B40F237214048FEF737FA0123CF
:10185000C0E90435104603B0BDE8F08FBCBF534665
:10186000A2463046DAF80410BABF1C46012500250E
:10187000FFF7F4FC024618B9334B40F24521E3E789
:10188000DAF810702669C5600AF1140904F1140E23
:1018900000F114050AF1100309EB87080EEB860628
:1018A0000193AB464FF0000C019B5EF8040B53F81C
:1018B00004AF01931FFA8AF3194683B2CB1A000CC6
:1018C0006344C0EB1A4000EB23409BB243EA004361
:1018D00076454BF8043B4FEA204CE5D8331B153BCB
:1018E000153423F00303A64238BF0023E8184B4405
:1018F0001C1D04302646A5EB0905464506EB050EE2
:101900000ED308F10301091B21F0030101339845AF
:1019100038BF0021014451F8043D9BB1176199E79C
:1019200056F8041BE2464FEA11491CFA81FC514467
:1019300009EB2C4989B241EA09414FEA294CCEF81A
:101940000010DAE7013FE6E76B2E0108DC2E010804
:1019500082B08DED000B019A0F4B1340A3F1507331
:10196000002B08DC5B42B3F1A07F4FEA235204DA7C
:101970004FF400231341002208E0A2F114031E2BB0
:10198000DABF4FF00042DA40012200231946104628
:1019900041EC100B02B070470000F07F2DE9F041E0
:1019A000066900F1140808EB8606371F56F8042C68
:1019B0001046FFF743FDC0F120030A280B601B49C6
:1019C00015DCC0F10B0C22FA0CF3B84543EA010513
:1019D00034BF56F8083C0023153002FA00F023FA11
:1019E0000CF303431C4645EC104BBDE8F081B845B1
:1019F0003ABF56F8083CA6F1080700230B3812D06E
:101A0000C0F1200123FA01F482402243474542F00D
:101A10007F558CBF57F8042C00228340CA4045F400
:101A200040151343DEE742EA0105DBE70000F03F23
:101A30002DE9F7430F46012159EC108B1646FFF7AD
:101A40000DFC044630B90246234B244840F20F31C6
:101A5000FEF734F9C9F30A55C9F313030DB143F482
:101A600080130193B8F1000323D068460093FFF779
:101A700004FD0099D8B1019AC0F1200302FA03F3E2
:101A80000B43C24063610192019BA361002B0CBF19
:101A9000012202222261A5B1A5F2334505443D6031
:101AA000C0F135003060204603B0BDE8F0836161CD
:101AB000EAE701A8FFF7E1FC019B63612030012206
:101AC000E8E704EB8203A0F2324038601869FFF7C0
:101AD000B5FCC0EB4210E5E76B2E0108DC2E0108D7
:101AE0002DE9F04F85B0CDE9001002A9FFF756FFB0
:101AF000009803A955EC104BFFF750FF019B1969A3
:101B0000009B1B69C91ADDE902329B1A5BEC10AB22
:101B100003EB4113002BCEBF2A46C3EB03335A46D7
:101B20002F46D946CCBF02EB035702EB03594B4675
:101B3000524620463946EEF7B1FE41EC100B05B097
:101B4000BDE8F08F013970B549111469013102F116
:101B5000140300EB810103EB8404051FA3420CD3A3
:101B6000A31A113B23F003031132944238BF002320
:101B700018440023884205D370BD53F8046B45F820
:101B8000046FEBE740F8043BF4E700F1140200694E
:101B90004B11984210B511DB0ADD11F01F0107D07F
:101BA00052F8234024FA01F000FA01F18C420BD1E3
:101BB00002EB8303934203D8002010BD0346F7E7EE
:101BC00053F8041D0029F5D00120F6E7242B2DE958
:101BD000F0478646904601D8012B06D1FEF724F83F
:101BE000162303600020BDE8F08734480D462A46DE
:101BF00015F8014B065D16F00806F8D12D2C10D112
:101C00002C780126951C33F0100215D1302C0DD103
:101C10002A7802F0DF02582A08D16C7802351023A6
:101C20000AE02B2C04BF2C78951CECE7002BF6D196
:101C3000302C14BF0A23082306F1004C0CF1FF3CA2
:101C40000022BCFBF3F9104603FB19CAA4F13007CC
:101C5000092F0FD83C46A3421BDD571C07D08145F6
:101C600014D301D1A24511DB00FB0340012215F87A
:101C7000014BEBE7A4F14107192F01D8373CEAE704
:101C8000A4F16107192F04D8573CE4E74FF0FF3265
:101C9000EDE7531C08D12223CEF800306046B8F19E
:101CA000000FA0D0691E06E006B14042B8F1000F57
:101CB00099D0002AF6D1C8F8001094E799300108AD
:101CC000FFF784BF0346084641B1FF2A04D98A22A0
:101CD0001A604FF0FF3070470A70012070472DE9FD
:101CE000F0478E681F46BE4282460C4690463346F9
:101CF00053D8B1F90C0010F4906F2BD065692368AC
:101D0000096905EB4505A3EB010905EBD5757B1CBE
:101D10006D104B44AB422A4684BF1D462A464305FC
:101D200027D511465046FFF7FBF9064658B32169FF
:101D30004A46FDF7A6FFA38923F4906343F080038E
:101D4000A381266165614E44A5EB09052660A56067
:101D50003E463B461F4620683A46414600F0D4F9CD
:101D6000A3689B1BA36023683B4423600020BDE85D
:101D7000F087504600F00DFA06460028E1D12169AF
:101D80005046FEF71DFE0C23CAF80030A38943F02D
:101D90004003A3814FF0FF30E9E73E46DBE7000058
:101DA0002DE9F0471F468B891B069CB006460D4661
:101DB000144610D50B6973B94021FFF7B1F92860BB
:101DC000286130B90C2333604FF0FF301CB0BDE800
:101DD000F08740236B610023099320238DF829307D
:101DE00003973023654F8DF82A304FF001082346C2
:101DF000994613F8012B0AB1252AF9D1B9EB040A47
:101E00000BD05346224629463046FFF768FF013083
:101E100000F0A480099A5244099299F80030002BEE
:101E200000F09C8000234FF0FF32CDE9052309F13B
:101E30000109049307938DF853301A934C464F4889
:101E400014F8011B0522EEF7EBF9049BD0B9D80674
:101E500044BF20228DF85320190744BF2B228DF850
:101E6000532099F800202A2A13D0079A4C460020C4
:101E70004FF00A0C214611F8013B303B092B49D9A0
:101E800068B913E0C01B08FA00F018430490A1469B
:101E9000D4E7039A111D12680391002A01DB07920F
:101EA00004E0524243F002030792049323782E2B5E
:101EB0000AD163782A2B32D1039B1A1D1B68039227
:101EC00043EAE37302340593DFF8C09021780322DC
:101ED0004846EEF7A5F938B1049BA0EB0900402273
:101EE000824013430134049314F8011B24488DF8F5
:101EF00028100622EEF794F9002835D0214818BBA7
:101F0000039B073323F0070308330393099B034420
:101F100009936CE70CFB02320C460120AAE7002370
:101F20000134059319464FF00A0C204610F8012B96
:101F3000303A092A03D9002BC6D00591C4E70CFB1F
:101F4000012104460123F0E703AB00932A460E4B20
:101F500004A93046FCF712FF421CD7D1AB895B06BF
:101F60003FF532AF099831E703AB00932A46064BA1
:101F700004A93046FDF798F9EEE700BF352F0108B8
:101F80003F2F01087DED0008DF1C01083B2F0108F1
:101F9000B1F90C202DE9F041160705460C4651D445
:101FA0004B68002B02DC0B6C002B49DDE66A002E2F
:101FB00046D0002312F480522F682B6031D0626D1E
:101FC000A389590705D56368D21A636B0BB1236CDB
:101FD000D21A0023E66A216A2846B047421CB4F9A7
:101FE0000C3006D129681D2946D8294ACA40D6078F
:101FF00042D500226260D9042269226004D5421CC5
:1020000001D12B6803B96065616B2F60C1B104F128
:102010004403994202D02846FEF7D2FC00236363B2
:102020000EE0216A01232846B0470246501CC7D162
:102030002B68002BC4D01D2B01D0162B1AD12F607A
:1020400000201EE00F69002FFAD093070E6808BF2A
:102050004B690F6018BF0023A6EB07088B60B8F12F
:10206000000FEDDD216AA66A43463A462846B0478E
:10207000002808DCB4F90C3043F04003A3814FF092
:10208000FF30BDE8F0810744A8EB0008E7E700BF98
:102090000100402038B50B6905460C4613B90025F0
:1020A000284638BD18B1036A0BB9FDF7BDFCB4F979
:1020B0000C30002BF3D0626ED00704D4990502D403
:1020C000A06DFDF7DCFD28462146FFF761FF636E3A
:1020D000DA070546E4D4A3899B05E1D4A06DFDF79A
:1020E000CFFDDDE70EB403B5014603AB054853F859
:1020F000042B0068019300F0A3F802B05DF804EB34
:1021000003B0704700030020884210B501EB0204C1
:1021100002D98442234607D8431EA14207D011F8B2
:10212000012B03F8012FF8E70244824200D110BDD1
:1021300013F8011D02F8011DF7E7000038B5064D40
:102140000023044608462B60F1F75AF9431C02D1DC
:102150002B6803B1236038BD4824002008B5062051
:1021600000F03CFA0120F1F7D3F870B5A1FB02545E
:1021700034B92946FEF7D4FF064628B9304670BD6B
:102180000C2202600026F9E72A462146FDF7E8FC0A
:10219000F4E72DE9F041074614460D4621B9BDE8A4
:1021A000F0411146FEF7BCBF2AB9FEF709FC2546EF
:1021B0002846BDE8F08100F02DFA8442064602D898
:1021C000B4EB500FF4D821463846FEF7A9FF8046FD
:1021D00008B94546ECE7B4422246294628BF3246B4
:1021E000FDF74FFD29463846FEF7EAFBF1E7936815
:1021F000013B002B10B4936008DA9469A34201DB21
:102200000A2903D15DF8044B00F02EB91368581C5D
:102210001060197008465DF8044B7047F8B5064623
:102220000F461446D518AC4201D1002007E014F83F
:10223000011B3A463046FFF7DAFF431CF3D1F8BDE5
:102240002DE9F0470D469CB014461F46064618B1CE
:10225000036A0BB9FDF7E8FB6B6ED90705D4AB89B0
:102260009A0502D4A86DFDF70AFDAB891B0701D5BD
:102270002B699BB92946304600F034F970B16B6E7A
:10228000DC0704D54FF0FF301CB0BDE8F087AB8908
:102290009805F7D4A86DFDF7F3FCF3E70023099345
:1022A00020238DF82930039730236A4F8DF82A3088
:1022B0004FF001082346994613F8012B0AB1252A4D
:1022C000F9D1B9EB040A0BD05346224629463046D1
:1022D000FFF7A4FF013000F0A480099A524409924C
:1022E00099F80030002B00F09C8000234FF0FF3263
:1022F000CDE9052309F10109049307938DF85330C3
:102300001A934C46534814F8011B0522EDF788FF39
:10231000049BD0B9D90644BF20228DF853201A0758
:1023200044BF2B228DF8532099F800202A2A13D07D
:10233000079A4C4600204FF00A0C214611F8013B49
:10234000303B092B49D968B913E0C01B08FA00F0EB
:1023500018430490A146D4E7039A111D1268039113
:10236000002A01DB079204E0524243F00203079285
:10237000049323782E2B0AD163782A2B32D1039B26
:102380001A1D1B68039243EAE37302340593DFF8D6
:10239000D490217803224846EDF742FF38B1049BE0
:1023A000A0EB09004022824013430134049314F847
:1023B000011B29488DF828100622EDF731FF00286F
:1023C0003ED0264818BB039B073323F0070308338E
:1023D0000393099B034409936CE70CFB02320C4600
:1023E0000120AAE700230134059319464FF00A0C97
:1023F000204610F8012B303A092A03D9002BC6D009
:102400000591C4E70CFB012104460123F0E703AB6F
:1024100000932A46124B04A93046FCF7AFFC431C3C
:10242000D7D16B6ED90705D4AB899A0502D4A86DB4
:10243000FDF726FCAB895B063FF524AF099823E73F
:1024400003AB00932A46064B04A93046FCF72CFF49
:10245000E5E700BF352F01083F2F01087DED00089B
:102460001D2201083B2F0108F8B50E46144605460B
:1024700018B1036A0BB9FDF7D7FAA369A360A38962
:102480001A0701D5236943B92146284600F02AF8E6
:1024900018B14FF0FF373846F8BD23682269981A03
:1024A0006369F6B28342374605DC21462846FFF7CA
:1024B000F1FD0028EDD1A368013BA36023685A1CFD
:1024C00022601E706269431C9A4204D0A389DB0714
:1024D000E1D50A2EDFD121462846FFF7DBFD002893
:1024E000D9D0D6E738B5284B054618680C4618B140
:1024F000036A0BB9FDF798FAB4F90C301A0721D426
:10250000D80607D409222A6043F04003A3814FF084
:10251000FF3030E0590712D5616B41B104F144033B
:10252000994202D02846FEF74BFA0023636300224B
:10253000B4F90C3062602269226023F0240343F076
:102540000803A38122693AB99A0501D5180603D573
:102550002146284600F08AF8B4F90C3013F0010245
:102560000AD00022A26062695242A261226942B985
:1025700013F08000C8D138BD990758BF6269A260C6
:10258000F4E70020F7E700BF000300201F2938B55B
:1025900005460C4604D9162303604FF0FF3038BDC2
:1025A000C26B12B152F821304BB9284600F030F816
:1025B000224601462846BDE8384000F017B8012BF6
:1025C0000AD0591C03D1162303600120E7E700213C
:1025D00042F82410204698470020E0E7024B0146CD
:1025E0001868FFF7D3BF00BF0003002038B5074DC0
:1025F00000230446084611462B60F0F779FE431C81
:1026000002D12B6803B1236038BD00BF48240020ED
:10261000F0F766BE51F8043C181F002BBCBF0B58E6
:10262000C018704770B50C46B1F90E10002996B06D
:1026300015461E460ADAA18911F0800113D14FF424
:102640008062002031602A6016B070BD6A4600F0DA
:1026500047F80028EFDB019901F47041A1F5005320
:1026600059425941EBE700214022EAE78B8973B5D3
:102670009E0705460C4607D504F1470323602361F6
:102680000123636102B070BD01AB6A46FFF7CAFF68
:10269000009E28463146FEF743FDB4F90C3038B9A8
:1026A0009A05EFD423F0030343F00203A381E3E789
:1026B00043F08003A381019B2060C4E90406002B42
:1026C000E0D0B4F90E10284600F01CF80028D9D04C
:1026D000A38923F0030343F00103A381D2E70000A1
:1026E00038B5074D00230446084611462B60F0F725
:1026F0005FFE431C02D12B6803B1236038BD00BFCD
:102700004824002038B5064D0023044608462B60B7
:10271000F0F75EFE431C02D12B6803B1236038BD85
:102720004824002008B52DED028BB0EE408A00F061
:1027300055F8B4EE488AF1EE10FAF0EE408A0AD667
:10274000B0EE480A00F03EF8F7EE007AB4EEE70A81
:10275000F1EE10FA04DCB0EE680ABDEC028B08BDA5
:10276000FDF762FABDEC028B034621221A60024893
:10277000BDE80840FDF79CBA9C31010800F028B97B
:1027800008B52DED028BB0EE408A00F023F8B4EED0
:10279000488AF1EE10FA06D6DFED098AB4EEE88A2F
:1027A000F1EE10FA02D4BDEC028B08BDFDF73CFA45
:1027B00088EEA80ABDEC028B2123036008BD00BF90
:1027C0000000000010EE103A23F0004300EE103A33
:1027D000704700BFB1EEC00A704700BF38B510EEB9
:1027E000105A25F00044B4F17E5F2DED048BF0EE1D
:1027F000407A7FD077D8B4F17C5F0ED2B4F1485FD5
:1028000080F090809FED627A30EE077AF7EE006AF2
:10281000B4EEE67AF1EE10FA62DCB0EE670AFFF78A
:10282000D1FFF7EE007A37EEC08AB6EE007A28EED6
:10283000078ADFED586A9FED587A9FED586A9FED41
:10284000585ADFED585ADFED588AE8EE076A9FEDD7
:10285000577AA8EE067AA6EE885A9FED556ADFED04
:10286000556AA7EE086AE5EE085A9FED537AA6EE80
:10287000087AE5EE886AE7EE087AE6EE888AB0EE36
:10288000480AB0EE679AFFF7A5FF4C4B68EE888ABE
:102890009C4288EE896A38D810EE103A6FF30B0329
:1028A00006EE903AA6EEE68A70EE267A9FED447A1E
:1028B000C8EE274AF0EE005AA4EEE57ADFED417A41
:1028C00030EE000AB0EE675A90EE067AA6EEE55AB0
:1028D00037EE457A37EEC70A002D01DCB1EE400A2B
:1028E000BDEC048B38BDBDEC048B70EE407A87EEF6
:1028F000A70A38BDBDEC048B9FED310A9FED327AFB
:1029000027EE800AA7EE870A38BDA0EE060A9FEDE3
:102910002F7ADFED2D7AF0EE006AA0EE267A37EE00
:10292000C70AD9E720EE007ADFED1B6A9FED196A2E
:10293000DFED1B5A9FED195ADFED1A4AA7EE266A02
:10294000BDEC048BE6EE075ADFED186A9FED186ABE
:10295000E7EE056AE5EE874AA6EE876A9FED155A0F
:10296000DFED155ADFED106AA4EE875AE6EE075A3E
:10297000E5EE076AB7EE006AA5EE876A26EE877A6B
:10298000C7EE066AE0EE267AB0EE670A38BD00BFF1
:10299000CAF24971047F4F3A08EF11382EC69D3DA7
:1029A000461124BDA80A4E3EABAA2A3E613330BF71
:1029B0002D57014090B0A6BE39D119C09999793FE1
:1029C0002EBD3BB3DB0F493FDB0FC93F2EBD3B3371
:1029D00010B582B0CDED010A019B23F00042B2F1A7
:1029E000FF4FF0EE407A30D810EE100A20F0004190
:1029F000B1F1FF4F29D8B3F17E5F3ED09C1704F0B0
:102A0000020444EAD07431B37AB3B2F1FF4F3FD03D
:102A1000B1F1FF4F29D0891AB1F1F45F4FEAE152C9
:102A200033DA002B41DA3C323FDA9FED330A012CD6
:102A30004DD0022C42D064B19FED307ADFED307A78
:102A400030EE070A30EE670A03E09DED017A37EEBB
:102A5000270A02B010BD022C0CD09FED2A7A032C5D
:102A600008BFB0EE470A02B010BD00280ADB9FED98
:102A7000260AEEE79FED220AEBE702B0BDE8104020
:102A800000F04CB89FED210AE3E79FED1F0ACEE767
:102A9000B1F1FF4F04F1FF3420D0022C26D81C4B9B
:102AA00003EB840393ED000AD3E79DED017A87EEF3
:102AB000870AFFF787FE00F031F8B8E79FED0F7A3D
:102AC000DFED0F7A30EE070A37EEC00AC1E710EEED
:102AD000103A03F1004300EE103ABAE7022C08D88E
:102AE0000C4B03EB840393ED000AB2E79FED020A5F
:102AF000AFE79FED090AACE7000000002EBDBB3335
:102B0000DB0F4940DB0F49C0DB0FC93FDB0FC9BFFB
:102B1000A0310108AC310108DB0F493F38B510EE98
:102B2000105A25F00044B4F1A14FF0EE407A07D3DB
:102B3000B4F1FF4F55D8002D77DD9FED4E0A38BD1B
:102B40004D4B9C425CD8B4F1445F4DD34FF0FF3302
:102B500027EEA76A9FED495A9FED497ADFED495A62
:102B6000DFED494A66EE066A5A1CA6EE857AE6EE65
:102B7000A54A9FED465ADFED465AA7EE265AE4EEE7
:102B8000A65A9FED447ADFED444AA5EE267AE5EE9B
:102B9000A64A9FED425ADFED425AA7EE265A9FED14
:102BA000417AA4EEA67AE5EE265A27EE267AA5EE1D
:102BB000867A27EE877A3BD03B493C4A01EB83017A
:102BC000D1ED006A37EE667A02EB8303D3ED006A3B
:102BD00037EE677A002D36EEC70AB0DAB1EE400A5A
:102BE00038BD30EE000A38BD9FED317A30EE077AFD
:102BF000F7EE006AB4EEE67AF1EE10FAA6DD38BD23
:102C0000FFF7E0FD2B4B9C4215D8A3F5D0039C4267
:102C100026D8F0EE007ABFEE007AA0EE277A0023E5
:102C200030EE270AC7EE007A92E79FED230A38BDFF
:102C300037EEC70A38BD214B9C420BD8F7EE087A15
:102C4000B7EE007AA0EE277A022330EE670AC0EED4
:102C5000077A7DE7BFEE007AC7EE007A032377E7B5
:102C6000F7EE007A30EE677A30EE270A0123C7EEDE
:102C7000007A6DE7DB0FC93FFFFFDF3ED769853C78
:102C800059DA4B3D21A215BD6BF16EBD356B883D08
:102C900095879DBD6E2EBA3D388EE3BD2549123E07
:102CA000ABAAAA3ECDCC4CBEB8310108C831010850
:102CB000CAF24971FFFF973FDB0FC9BFFFFF1B40FF
:102CC000F8B500BFF8BC08BC9E467047F8B500BF19
:082CD000F8BC08BC9E467047E9
:102CD80049434D20696E6974206572720D0A0000BF
:102CE80053544D3332205669727475616C20436FAA
:102CF8006D506F727400000053544D6963726F65B4
:102D08006C656374726F6E6963730000434443209B
:102D1800436F6E666967000043444320496E7465DB
:102D2800726661636500000000000000000000009A
:102D38000102030406070809000000000102030459
:102D4800010002000400060008000A000C00100040
:102D5800200040008000000101010103070100007C
:102D680008040204080101012E00494E4600696E5C
:102D780066004E414E006E616E00300030313233D5
:102D880034353637383941424344454600303132CC
:102D980033343536373839616263646566006525D2
:102DA8006C64004300504F534958002C2066756EE0
:102DB8006374696F6E3A2000617373657274696F2A
:102DC8006E2022257322206661696C65643A20664C
:102DD800696C6520222573222C206C696E6520257C
:102DE80064257325730A00496E66696E69747900F3
:102DF8004E614E005245454E54206D616C6C6F63B8
:102E080020737563636565646564002F6275696C1A
:102E1800642F676E752D746F6F6C732D666F722DCE
:102E280073746D33325F31342E332E72656C312EEC
:102E380032303235313032372D303730302F7372EF
:102E4800632F6E65776C69622F6E65776C69622F88
:102E58006C6962632F7374646C69622F64746F6148
:102E68002E630042616C6C6F6320737563636565E4
:102E7800646564002F6275696C642F676E752D74C4
:102E88006F6F6C732D666F722D73746D33325F3193
:102E9800342E332E72656C312E3230323531303269
:102EA800372D303730302F7372632F6E65776C692A
:102EB800622F6E65776C69622F6C6962632F737419
:102EC800646C69622F6764746F612D6765746865E7
:102ED800782E63002F6275696C642F676E752D7488
:102EE8006F6F6C732D666F722D73746D33325F3133
:102EF800342E332E72656C312E3230323531303209
:102F0800372D303730302F7372632F6E65776C69C9
:102F1800622F6E65776C69622F6C6962632F7374B8
:102F2800646C69622F6D707265632E6300232D30A7
:102F38002B2000686C4C006566674546470000001A
:102F480034000000CEFBFFFFCB03000001000000AF
:102F58000000000035000000CEFBFFFFCB0300009F
:102F68000100000000000000BC89D897B2D29C3C48
:102F780033A7A8D523F649393DA7F444FD0FA53258
:102F88009D978CCF08BA5B25436FAC6428066811FF
:102F980005000000190000007D000000000000008E
:102FA8000080E03779C34143176E05B5B5B893463D
:102FB800F5F93FE9034F384D321D30F94877825A09
:102FC8003CBF737FDD4F1575000000000000F03F27
:102FD80000000000000024400000000000005940EC
:102FE8000000000000408F40000000000088C3403F
:102FF80000000000006AF8400000000080842E41B4
:1030080000000000D01263410000000084D79741FF
:103018000000000065CDCD41000000205FA0024205
:10302800000000E876483742000000A2941A6D427A
:10303800000040E59C30A2420000901EC4BCD6426D
:1030480000003426F56B0C430080E03779C3414318
:1030580000A0D8855734764300C84E676DC1AB438E
:10306800003D9160E458E143408CB5781DAF1544AC
:1030780050EFE2D6E41A4B4492D54D06CFF0804487
:10308800F64AE1C7022DB544B49DD9794378EA449C
:103098000020202020202020202028282828282020
:1030A8002020202020202020202020202020202018
:1030B8002088101010101010101010101010101080
:1030C8001004040404040404040404101010101070
:1030D800101041414141414101010101010101013A
:1030E800010101010101010101010101101010108C
:1030F800101042424242424202020202020202020C
:10310800020202020202020202020202101010105F
:103118002000000000000000000000000000000087
:103128000000000000000000000000000000000097
:103138000000000000000000000000000000000087
:103148000000000000000000000000000000000077
:103158000000000000000000000000000000000067
:103168000000000000000000000000000000000057
:103178000000000000000000000000000000000047
:103188000000000000000000000000000000000037
:10319800000000000000000000000080DB0F494034
:1031A800DB0F49C0DB0F49BFE4CB1640E4CB16C0A8
:1031B8006937AC3168212233B40F14336821A23344
:1031C8003863ED3EDA0F493F5E987B3FDA0FC93F1F
:0831D80048D0FE7F0100000059
:0431E00005020008DC
:0431E400E1010008FD
:1031E8000080BB440024F40010000000010000002F
:1031F8000A060002000000400100000045BE000869
:1032080043BF0008B9BF00080000000069C20008F9
:1032180049C1000813C200080000000000000000B7
:1032280000000000E1C20008C1C2000801C3000894
:1032380021C3000809024300020100C0320904004A
:10324800000102020100052400100105240100010B
:103258000424020205240600010705820308001061
:1032680009040100020A000000070501020002002B
:10327800070581020002000009024300020100C0A4
:1032880032090400000102020100052400100105B2
:103298002401000104240202052406000107058216
:1032A8000308001009040100020A000000070501D4
:1032B80002400000070581024000000009074300A2
:1032C800020104C0320904000001020201000524C1
:1032D800001001052401000104240202052406004F
:1032E800010705820308001009040100020A000012
:1032F80000070501024000000705810240000000A8
:10330800D1D60008F9D6000809D70008C5D70008A3
:10331800EDD7000811D8000835D8000895D800085E
:1033280059D80008BDD80008E1D800081DD9000800
:10333800000000001201000202020040830440570E
:103348000002010203010000040309041A0300003B
:103358000000000000000000000000000000000065
:103368000000000000000000000000000300000052
:103378000C230020430000000000000000000000B3
:103388000000000000000000000000000000000035
:1033980000000000430000000000000000000000E2
:1033A8000000000000000000000000000000000015
:1033B80000000000430000000000000000000000C2
:1033C80000000000000000000000000000000000F5
:1033D80000000000430000000000000000000000A2
:1033E80000000000000000000000000000000000D5
:1033F8000000000043000000000000000000000082
:1034080000000000000000000000000000000000B4
:103418000000000043000000000000000000000061
:103428000000000000000000000000000000000094
:103438000000000043000000000000000000000041
:103448000000000000000000000000000000000074
:1034580000000000C51C010821120108000000003E
:1034680098300108702D0108EE2D0108EE2D010895
:10347800EE2D0108EE2D0108EE2D0108EE2D0108B4
:10348800EE2D0108EE2D0108EE2D0108FFFFFFFFCC
:10349800FFFFFFFFFFFFFFFFFFFF00000100415399
:1034A800434949000000000000000000000000003F
:1034B8000000000000000000000000000000415370
:1034C800434949000000000000000000000000001F
:1034D80000000000000000000000000000000000E4
:1034E80004030020000000000C23002074230020A7
:1034F800DC230020000000000000000000000000A5
:1035080000000000000000000000000000000000B3
:1035180000000000000000000000000000000000A3
:103528000000000000000000000000000000000093
:04000005080034912A
:00000001FF
